Id,Position,First Name,Nickname,Last Name,FPPG,Played,Salary,Game,Team,Opponent,Injury Indicator,Injury Details,Tier,,,Roster Position
94070-55050,RB,Christian,Christian McCaffrey,McCaffrey,22.700000762939453,2,10000,NYG@SF,SF,NYG,,,,,,RB/FLEX
94070-80001,RB,Austin,Austin Ekeler,Ekeler,24.399999618530273,1,9800,LAC@MIN,LAC,MIN,Q,Ankle,,,,RB/FLEX
94070-85671,WR,Justin,Justin Jefferson,Jefferson,19.450000762939453,2,9700,LAC@MIN,MIN,LAC,,,,,,WR/FLEX
94070-53681,WR,Tyreek,Tyreek Hill,Hill,25.75,2,9600,DEN@MIA,MIA,DEN,Q,Ankle,,,,WR/FLEX
94070-63759,RB,Tony,Tony Pollard,Pollard,18.799999237060547,2,9400,DAL@ARI,DAL,ARI,,,,,,RB/FLEX
94070-57439,QB,Patrick,Patrick Mahomes,Mahomes,21.3700008392334,2,9200,CHI@KC,KC,CHI,,,,,,QB
94070-136855,RB,Bijan,Bijan Robinson,Robinson,18.25,2,9000,ATL@DET,ATL,DET,,,,,,RB/FLEX
94070-29253,WR,Keenan,Keenan Allen,Allen,19.149999618530273,2,8800,LAC@MIN,LAC,MIN,,,,,,WR/FLEX
94070-62239,QB,Josh,Josh Allen,Allen,17.850000381469727,2,8800,BUF@WAS,BUF,WAS,,,,,,QB
94070-64401,RB,Saquon,Saquon Barkley,Barkley,16,2,8800,NYG@SF,NYG,SF,O,Ankle,,,,RB/FLEX
94070-53562,RB,Nick,Nick Chubb,Chubb,10.550000190734863,2,8600,TEN@CLE,CLE,TEN,IR,Knee - meniscus,,,,RB/FLEX
94070-69531,QB,Jalen,Jalen Hurts,Hurts,19.360000610351562,2,8600,PHI@TB,PHI,TB,,,,,,QB
94070-86631,WR,CeeDee,CeeDee Lamb,Lamb,14.75,2,8500,DAL@ARI,DAL,ARI,,,,,,WR/FLEX
94070-39280,RB,Derrick,Derrick Henry,Henry,14.949999809265137,2,8400,TEN@CLE,TEN,CLE,Q,Toe,,,,RB/FLEX
94070-69189,QB,Justin,Justin Herbert,Herbert,21.530000686645508,2,8400,LAC@MIN,LAC,MIN,,,,,,QB
94070-63115,QB,Lamar,Lamar Jackson,Jackson,15.220000267028809,2,8200,IND@BAL,BAL,IND,,,,,,QB
94070-90572,QB,Tua,Tua Tagovailoa,Tagovailoa,20.700000762939453,2,8100,DEN@MIA,MIA,DEN,,,,,,QB
94070-40442,RB,Aaron,Aaron Jones,Jones,25.700000762939453,1,8100,NO@GB,GB,NO,Q,Hamstring,,,,RB/FLEX
94070-129315,QB,Anthony,Anthony Richardson,Richardson,19.829999923706055,2,8000,IND@BAL,IND,BAL,Q,Concussion,,,,QB
94070-33076,TE,Travis,Travis Kelce,Kelce,10.600000381469727,1,8000,CHI@KC,KC,CHI,,,,,,TE/FLEX
94070-25079,WR,Stefon,Stefon Diggs,Diggs,15.649999618530273,2,8000,BUF@WAS,BUF,WAS,,,,,,WR/FLEX
94070-32384,WR,Mike,Mike Evans,Evans,20.850000381469727,2,8000,PHI@TB,TB,PHI,,,,,,WR/FLEX
94070-89956,RB,Travis,Travis Etienne Jr.,Etienne Jr.,12.050000190734863,2,8000,HOU@JAC,JAC,HOU,,,,,,RB/FLEX
94070-45889,WR,Davante,Davante Adams,Adams,13.5,2,7900,PIT@LV,LV,PIT,,,,,,WR/FLEX
94070-86997,WR,Amon-Ra,Amon-Ra St. Brown,St. Brown,13.649999618530273,2,7900,ATL@DET,DET,ATL,Q,Toe,,,,WR/FLEX
94070-22038,QB,Kirk,Kirk Cousins,Cousins,23.010000228881836,2,7800,LAC@MIN,MIN,LAC,,,,,,QB
94070-85701,WR,Ja'Marr,Ja'Marr Chase,Chase,6.099999904632568,2,7800,LAR@CIN,CIN,LAR,,,,,,WR/FLEX
94070-87770,WR,Chris,Chris Olave,Olave,13.399999618530273,2,7800,NO@GB,NO,GB,,,,,,WR/FLEX
94070-91591,QB,Justin,Justin Fields,Fields,16.139999389648438,2,7700,CHI@KC,CHI,KC,,,,,,QB
94070-85798,WR,Brandon,Brandon Aiyuk,Aiyuk,17.350000381469727,2,7700,NYG@SF,SF,NYG,Q,Shoulder,,,,WR/FLEX
94070-63519,QB,Daniel,Daniel Jones,Jones,19.100000381469727,2,7600,NYG@SF,NYG,SF,,,,,,QB
94070-90573,WR,Jaylen,Jaylen Waddle,Waddle,10.100000381469727,2,7600,DEN@MIA,MIA,DEN,Q,Concussion,,,,WR/FLEX
94070-90576,WR,DeVonta,DeVonta Smith,Smith,17.649999618530273,2,7600,PHI@TB,PHI,TB,,,,,,WR/FLEX
94070-103342,RB,Kenneth,Kenneth Walker III,Walker III,13.300000190734863,2,7600,CAR@SEA,SEA,CAR,,,,,,RB/FLEX
94070-31716,QB,Dak,Dak Prescott,Prescott,12.960000038146973,2,7600,DAL@ARI,DAL,ARI,,,,,,QB
94070-89951,QB,Trevor,Trevor Lawrence,Lawrence,13.989999771118164,2,7600,HOU@JAC,JAC,HOU,,,,,,QB
94070-71706,TE,T.J.,T.J. Hockenson,Hockenson,14.800000190734863,2,7500,LAC@MIN,MIN,LAC,,,,,,TE/FLEX
94070-90562,RB,Brian,Brian Robinson Jr.,Robinson Jr.,20.5,2,7500,BUF@WAS,WAS,BUF,,,,,,RB/FLEX
94070-64555,WR,Calvin,Calvin Ridley,Ridley,12.149999618530273,2,7500,HOU@JAC,JAC,HOU,,,,,,WR/FLEX
94070-72846,WR,A.J.,A.J. Brown,Brown,8.149999618530273,2,7500,PHI@TB,PHI,TB,,,,,,WR/FLEX
94070-38435,QB,Jared,Jared Goff,Goff,18.969999313354492,2,7500,ATL@DET,DET,ATL,,,,,,QB
94070-54879,QB,Deshaun,Deshaun Watson,Watson,17.1299991607666,2,7500,TEN@CLE,CLE,TEN,,,,,,QB
94070-90575,RB,Najee,Najee Harris,Harris,4.550000190734863,2,7400,PIT@LV,PIT,LV,,,,,,RB/FLEX
94070-52436,TE,Mark,Mark Andrews,Andrews,13,1,7400,IND@BAL,BAL,IND,,,,,,TE/FLEX
94070-73048,WR,DK,DK Metcalf,Metcalf,11.350000381469727,2,7400,CAR@SEA,SEA,CAR,Q,Ribs,,,,WR/FLEX
94070-22015,QB,Russell,Russell Wilson,Wilson,21.049999237060547,2,7400,DEN@MIA,DEN,MIA,,,,,,QB
94070-89981,WR,Tee,Tee Higgins,Higgins,12.449999809265137,2,7400,LAR@CIN,CIN,LAR,,,,,,WR/FLEX
94070-27050,WR,Tyler,Tyler Lockett,Lockett,11.949999809265137,2,7300,CAR@SEA,SEA,CAR,,,,,,WR/FLEX
94070-69017,QB,Jordan,Jordan Love,Love,21.670000076293945,2,7300,NO@GB,GB,NO,,,,,,QB
94070-91598,RB,D'Andre,D'Andre Swift,Swift,13.199999809265137,2,7300,PHI@TB,PHI,TB,,,,,,RB/FLEX
94070-56018,WR,Deebo,Deebo Samuel,Samuel,13.949999809265137,2,7200,NYG@SF,SF,NYG,,,,,,WR/FLEX
94070-39829,WR,Mike,Mike Williams,Williams,9.550000190734863,2,7200,LAC@MIN,LAC,MIN,,,,,,WR/FLEX
94070-103564,WR,Garrett,Garrett Wilson,Wilson,13.600000381469727,2,7200,NE@NYJ,NYJ,NE,,,,,,WR/FLEX
94070-73273,RB,David,David Montgomery,Montgomery,12.649999618530273,2,7200,ATL@DET,DET,ATL,Q,Thigh,,,,RB/FLEX
94070-63336,QB,Joe,Joe Burrow,Burrow,9.779999732971191,2,7200,LAR@CIN,CIN,LAR,Q,Calf,,,,QB
94070-26483,QB,Geno,Geno Smith,Smith,16.100000381469727,2,7200,CAR@SEA,SEA,CAR,,,,,,QB
94070-61798,QB,Gardner,Gardner Minshew II,Minshew II,5.570000171661377,2,7100,IND@BAL,IND,BAL,,,,,,QB
94070-56250,WR,Terry,Terry McLaurin,McLaurin,9,2,7100,BUF@WAS,WAS,BUF,,,,,,WR/FLEX
94070-52442,RB,Joe,Joe Mixon,Mixon,10.149999618530273,2,7100,LAR@CIN,CIN,LAR,,,,,,RB/FLEX
94070-104433,RB,Kyren,Kyren Williams,Williams,21.200000762939453,2,7100,LAR@CIN,LAR,CIN,,,,,,RB/FLEX
94070-79970,WR,Cooper,Cooper Kupp,Kupp,18.211110432942707,9,7000,LAR@CIN,LAR,CIN,IR,Hamstring,,,,WR/FLEX
94070-104576,QB,Sam,Sam Howell,Howell,18.719999313354492,2,7000,BUF@WAS,WAS,BUF,,,,,,QB
94070-86278,QB,Desmond,Desmond Ridder,Ridder,15.390000343322754,2,7000,ATL@DET,ATL,DET,,,,,,QB
94070-129368,RB,Jahmyr,Jahmyr Gibbs,Gibbs,8.050000190734863,2,7000,ATL@DET,DET,ATL,,,,,,RB/FLEX
94070-72731,RB,Josh,Josh Jacobs,Jacobs,7.75,2,7000,PIT@LV,LV,PIT,,,,,,RB/FLEX
94070-89675,RB,Jonathan,Jonathan Taylor,Taylor,12.03636308149858,11,7000,IND@BAL,IND,BAL,NA,Ankle,,,,RB/FLEX
94070-85607,QB,Brock,Brock Purdy,Purdy,15.770000457763672,2,7000,NYG@SF,SF,NYG,,,,,,QB
94070-53097,WR,Josh,Josh Reynolds,Reynolds,15.550000190734863,2,7000,ATL@DET,DET,ATL,Q,Groin,,,,WR/FLEX
94070-92020,QB,Kenny,Kenny Pickett,Pickett,11.479999542236328,2,7000,PIT@LV,PIT,LV,,,,,,QB
94070-41535,QB,Baker,Baker Mayfield,Mayfield,17.200000762939453,2,6900,PHI@TB,TB,PHI,,,,,,QB
94070-103020,WR,Puka,Puka Nacua,Nacua,19.75,2,6900,LAR@CIN,LAR,CIN,,,,,,WR/FLEX
94070-45859,QB,Derek,Derek Carr,Carr,11.65999984741211,2,6900,NO@GB,NO,GB,,,,,,QB
94070-91419,WR,Nico,Nico Collins,Collins,17.549999237060547,2,6900,HOU@JAC,HOU,JAC,,,,,,WR/FLEX
94070-91626,RB,James,James Cook,Cook,13.100000381469727,2,6900,BUF@WAS,BUF,WAS,,,,,,RB/FLEX
94070-129210,WR,Jordan,Jordan Addison,Addison,14.399999618530273,2,6800,LAC@MIN,MIN,LAC,,,,,,WR/FLEX
94070-90584,QB,Mac,Mac Jones,Jones,19.940000534057617,2,6800,NE@NYJ,NE,NYJ,,,,,,QB
94070-45631,RB,Jamaal,Jamaal Williams,Williams,4.550000190734863,2,6800,NO@GB,NO,GB,Q,Hamstring,,,,RB/FLEX
94070-71845,RB,Miles,Miles Sanders,Sanders,8,2,6700,CAR@SEA,CAR,SEA,Q,Pectoral,,,,RB/FLEX
94070-94534,WR,Gabe,Gabe Davis,Davis,11.199999809265137,2,6700,BUF@WAS,BUF,WAS,,,,,,WR/FLEX
94070-6654,QB,Matthew,Matthew Stafford,Stafford,15.220000267028809,2,6700,LAR@CIN,LAR,CIN,,,,,,QB
94070-21948,QB,Ryan,Ryan Tannehill,Tannehill,13.229999542236328,2,6700,TEN@CLE,TEN,CLE,,,,,,QB
94070-69213,WR,Michael,Michael Pittman Jr.,Pittman Jr.,14.649999618530273,2,6700,IND@BAL,IND,BAL,,,,,,WR/FLEX
94070-28744,RB,Raheem,Raheem Mostert,Mostert,18.600000381469727,2,6600,DEN@MIA,MIA,DEN,,,,,,RB/FLEX
94070-63634,WR,Jakobi,Jakobi Meyers,Meyers,24.600000381469727,1,6600,PIT@LV,LV,PIT,Q,Concussion,,,,WR/FLEX
94070-16606,WR,DeAndre,DeAndre Hopkins,Hopkins,8,2,6600,TEN@CLE,TEN,CLE,,,,,,WR/FLEX
94070-90428,RB,Tyler,Tyler Allgeier,Allgeier,13.850000381469727,2,6600,ATL@DET,ATL,DET,,,,,,RB/FLEX
94070-129471,QB,C.J.,C.J. Stroud,Stroud,15.819999694824219,2,6600,HOU@JAC,HOU,JAC,Q,Shoulder,,,,QB
94070-137902,RB,Rachaad,Rachaad White,White,12.350000381469727,2,6600,PHI@TB,TB,PHI,,,,,,RB/FLEX
94070-169776,WR,Christian,Christian Watson,Watson,10.257143293108259,14,6600,NO@GB,GB,NO,Q,Hamstring,,,,WR/FLEX
94070-112745,WR,Drake,Drake London,London,7.849999904632568,2,6500,ATL@DET,ATL,DET,,,,,,WR/FLEX
94070-25011,TE,Darren,Darren Waller,Waller,7.849999904632568,2,6500,NYG@SF,NYG,SF,,,,,,TE/FLEX
94070-111540,RB,Rhamondre,Rhamondre Stevenson,Stevenson,12.699999809265137,2,6500,NE@NYJ,NE,NYJ,,,,,,RB/FLEX
94070-54604,QB,Jimmy,Jimmy Garoppolo,Garoppolo,12.800000190734863,2,6500,PIT@LV,LV,PIT,,,,,,QB
94070-60858,WR,Christian,Christian Kirk,Kirk,8.930000305175781,2,6500,HOU@JAC,JAC,HOU,,,,,,WR/FLEX
94070-40407,QB,Joshua,Joshua Dobbs,Dobbs,13.100000381469727,2,6500,DAL@ARI,ARI,DAL,,,,,,QB
94070-110246,WR,George,George Pickens,Pickens,13.399999618530273,2,6500,PIT@LV,PIT,LV,,,,,,WR/FLEX
94070-55635,WR,Chris,Chris Godwin,Godwin,7.949999809265137,2,6400,PHI@TB,TB,PHI,,,,,,WR/FLEX
94070-70027,RB,Zack,Zack Moss,Moss,18.700000762939453,1,6400,IND@BAL,IND,BAL,,,,,,RB/FLEX
94070-103064,RB,Breece,Breece Hall,Hall,8.050000190734863,2,6400,NE@NYJ,NYJ,NE,Q,Knee,,,,RB/FLEX
94070-119606,QB,Bryce,Bryce Young,Young,11.529999732971191,2,6400,CAR@SEA,CAR,SEA,Q,Ankle,,,,QB
94070-63043,WR,DJ,DJ Moore,Moore,8.449999809265137,2,6400,CHI@KC,CHI,KC,,,,,,WR/FLEX
94070-53303,RB,Matt,Matt Breida,Breida,0.800000011920929,2,6300,NYG@SF,NYG,SF,,,,,,RB/FLEX
94070-57403,WR,Courtland,Courtland Sutton,Sutton,10.149999618530273,2,6300,DEN@MIA,DEN,MIA,,,,,,WR/FLEX
94070-90406,QB,Zach,Zach Wilson,Wilson,10.300000190734863,2,6300,NE@NYJ,NYJ,NE,,,,,,QB
94070-93055,WR,Isaiah,Isaiah Hodgins,Hodgins,6.449999809265137,2,6300,NYG@SF,NYG,SF,,,,,,WR/FLEX
94070-93107,RB,AJ,AJ Dillon,Dillon,5.699999809265137,2,6300,NO@GB,GB,NO,,,,,,RB/FLEX
94070-72776,RB,Alexander,Alexander Mattison,Mattison,7.650000095367432,2,6300,LAC@MIN,MIN,LAC,,,,,,RB/FLEX
94070-112295,WR,Zay,Zay Flowers,Flowers,11,2,6300,IND@BAL,BAL,IND,,,,,,WR/FLEX
94070-53331,QB,Taylor,Taylor Heinicke,Heinicke,13.551111009385851,9,6200,ATL@DET,ATL,DET,,,,,,QB
94070-86243,QB,Will,Will Levis,Levis,,,6200,TEN@CLE,TEN,CLE,,,,,,QB
94070-24849,QB,Jameis,Jameis Winston,Winston,16.306666056315105,3,6200,NO@GB,NO,GB,,,,,,QB
94070-31001,WR,Amari,Amari Cooper,Cooper,8.850000381469727,2,6200,TEN@CLE,CLE,TEN,Q,Groin,,,,WR/FLEX
94070-86687,WR,Marquise,Marquise Brown,Brown,10.800000190734863,2,6200,DAL@ARI,ARI,DAL,,,,,,WR/FLEX
94070-41827,QB,P.J.,P.J. Walker,Walker,7.023333231608073,6,6200,TEN@CLE,CLE,TEN,,,,,,QB
94070-40167,RB,Gus,Gus Edwards,Edwards,8.699999809265137,2,6200,IND@BAL,BAL,IND,,,,,,RB/FLEX
94070-30231,QB,Jacoby,Jacoby Brissett,Brissett,12.472856794084821,14,6200,BUF@WAS,WAS,BUF,,,,,,QB
94070-89628,QB,Davis,Davis Mills,Mills,13.101333618164062,15,6200,HOU@JAC,HOU,JAC,,,,,,QB
94070-40534,QB,Mike,Mike White,White,15.145000457763672,4,6200,DEN@MIA,MIA,DEN,,,,,,QB
94070-87691,QB,Malik,Malik Willis,Willis,3.1914285932268416,7,6200,TEN@CLE,TEN,CLE,,,,,,QB
94070-38628,QB,Mitch,Mitch Trubisky,Trubisky,11.268571036202568,7,6200,PIT@LV,PIT,LV,,,,,,QB
94070-40687,RB,James,James Conner,Conner,13.050000190734863,2,6200,DAL@ARI,ARI,DAL,,,,,,RB/FLEX
94070-91898,QB,Dorian,Dorian Thompson-Robinson,Thompson-Robinson,,,6200,TEN@CLE,CLE,TEN,,,,,,QB
94070-14225,QB,Andy,Andy Dalton,Dalton,13.08857182094029,14,6200,CAR@SEA,CAR,SEA,,,,,,QB
94070-30761,QB,Nathan,Nathan Peterman,Peterman,3.086666742960612,3,6100,CHI@KC,CHI,KC,,,,,,QB
94070-14377,QB,Tyrod,Tyrod Taylor,Taylor,0.23999999463558197,1,6100,NYG@SF,NYG,SF,,,,,,QB
94070-63589,QB,Sam,Sam Darnold,Darnold,-0.20000000298023224,1,6100,NYG@SF,SF,NYG,,,,,,QB
94070-86200,QB,Sean,Sean Clifford,Clifford,0,1,6100,NO@GB,GB,NO,,,,,,QB
94070-90561,WR,Jerry,Jerry Jeudy,Jeudy,4,1,6100,DEN@MIA,DEN,MIA,,,,,,WR/FLEX
94070-88575,WR,Elijah,Elijah Moore,Moore,6.650000095367432,2,6100,TEN@CLE,CLE,TEN,,,,,,WR/FLEX
94070-64051,QB,Drew,Drew Lock,Lock,,,6100,CAR@SEA,SEA,CAR,,,,,,QB
94070-88630,QB,Matt,Matt Corral,Corral,,,6100,NE@NYJ,NE,NYJ,,,,,,QB
94070-41562,QB,Nick,Nick Mullens,Mullens,3.190000057220459,4,6100,LAC@MIN,MIN,LAC,,,,,,QB
94070-29358,QB,Marcus,Marcus Mariota,Mariota,15.812307504507212,13,6100,PHI@TB,PHI,TB,,,,,,QB
94070-90813,QB,Clayton,Clayton Tune,Tune,,,6100,DAL@ARI,ARI,DAL,,,,,,QB
94070-139985,QB,Bailey,Bailey Zappe,Zappe,10.53499984741211,4,6100,NE@NYJ,NE,NYJ,,,,,,QB
94070-27986,QB,C.J.,C.J. Beathard,Beathard,0,4,6100,HOU@JAC,JAC,HOU,,,,,,QB
94070-93541,RB,Javonte,Javonte Williams,Williams,7.25,2,6100,DEN@MIA,DEN,MIA,,,,,,RB/FLEX
94070-103824,QB,Easton,Easton Stick,Stick,,,6100,LAC@MIN,LAC,MIN,,,,,,QB
94070-91583,QB,Stetson,Stetson Bennett,Bennett,,,6100,LAR@CIN,LAR,CIN,IR,Illness,,,,QB
94070-60947,QB,Jarrett,Jarrett Stidham,Stidham,15.213333129882812,3,6100,DEN@MIA,DEN,MIA,,,,,,QB
94070-44715,QB,Cooper,Cooper Rush,Rush,0,1,6100,DAL@ARI,DAL,ARI,,,,,,QB
94070-69304,QB,Kyle,Kyle Trask,Trask,0.9200000166893005,1,6100,PHI@TB,TB,PHI,,,,,,QB
94070-7872,QB,Brian,Brian Hoyer,Hoyer,1.4800000190734863,1,6100,PIT@LV,LV,PIT,,,,,,QB
94070-91872,RB,Joshua,Joshua Kelley,Kelley,9.5,2,6100,LAC@MIN,LAC,MIN,,,,,,RB/FLEX
94070-28434,QB,Trevor,Trevor Siemian,Siemian,5.579999923706055,2,6100,LAR@CIN,CIN,LAR,,,,,,QB
94070-8023,QB,Josh,Josh Johnson,Johnson,0.9300000071525574,2,6100,IND@BAL,BAL,IND,,,,,,QB
94070-53095,QB,Kyle,Kyle Allen,Allen,-0.20000000298023224,1,6100,BUF@WAS,BUF,WAS,,,,,,QB
94070-14194,QB,Blaine,Blaine Gabbert,Gabbert,5.159999847412109,1,6100,CHI@KC,KC,CHI,,,,,,QB
94070-85983,QB,Hendon,Hendon Hooker,Hooker,,,6100,ATL@DET,DET,ATL,IR,Knee - acl,,,,QB
94070-149696,QB,Trey,Trey Lance,Lance,6.730000019073486,2,6000,DAL@ARI,DAL,ARI,,,,,,QB
94070-69833,QB,Shane,Shane Buechele,Buechele,,,6000,BUF@WAS,BUF,WAS,,,,,,QB
94070-45259,QB,Logan,Logan Woodside,Woodside,,,6000,ATL@DET,ATL,DET,,,,,,QB
94070-90400,QB,Jaren,Jaren Hall,Hall,,,6000,LAC@MIN,MIN,LAC,,,,,,QB
94070-170287,WR,Rashid,Rashid Shaheed,Shaheed,12.399999618530273,2,6000,NO@GB,NO,GB,,,,,,WR/FLEX
94070-41305,WR,Zay,Zay Jones,Jones,7,2,6000,HOU@JAC,JAC,HOU,Q,Knee,,,,WR/FLEX
94070-88440,QB,Braxton,Braxton Burmeister,Burmeister,,,6000,LAR@CIN,LAR,CIN,,,,,,QB
94070-92560,QB,Sam,Sam Ehlinger,Ehlinger,9.654999732971191,4,6000,IND@BAL,IND,BAL,,,,,,QB
94070-70051,QB,Tyler,Tyler Huntley,Huntley,12.076666514078775,6,6000,IND@BAL,BAL,IND,,,,,,QB
94070-31170,QB,Brandon,Brandon Allen,Allen,0.7799999713897705,1,6000,NYG@SF,SF,NYG,,,,,,QB
94070-22994,QB,Case,Case Keenum,Keenum,0.1599999964237213,2,6000,HOU@JAC,HOU,JAC,,,,,,QB
94070-66008,WR,Diontae,Diontae Johnson,Johnson,6.300000190734863,1,6000,PIT@LV,PIT,LV,IR,Hamstring,,,,WR/FLEX
94070-53729,QB,Mason,Mason Rudolph,Rudolph,,,6000,PIT@LV,PIT,LV,,,,,,QB
94070-33259,QB,Teddy,Teddy Bridgewater,Bridgewater,8.404000091552735,5,6000,ATL@DET,DET,ATL,,,,,,QB
94070-94718,QB,Nathan,Nathan Rourke,Rourke,,,6000,HOU@JAC,JAC,HOU,,,,,,QB
94070-88602,QB,Jordan,Jordan Ta'amu,Ta'amu,,,6000,LAC@MIN,MIN,LAC,,,,,,QB
94070-94748,QB,Tommy,Tommy DeVito,DeVito,,,6000,NYG@SF,NYG,SF,,,,,,QB
94070-94797,QB,Kellen,Kellen Mond,Mond,,,6000,TEN@CLE,CLE,TEN,,,,,,QB
94070-103109,QB,Max,Max Duggan,Duggan,,,6000,LAC@MIN,LAC,MIN,,,,,,QB
94070-6894,QB,Aaron,Aaron Rodgers,Rodgers,0,1,6000,NE@NYJ,NYJ,NE,IR,Achilles,,,,QB
94070-86793,QB,Jake,Jake Haener,Haener,,,6000,NO@GB,NO,GB,IR,Suspension,,,,QB
94070-92975,QB,Malik,Malik Cunningham,Cunningham,,,6000,NE@NYJ,NE,NYJ,,,,,,QB
94070-29501,WR,Brandin,Brandin Cooks,Cooks,3.200000047683716,1,6000,DAL@ARI,DAL,ARI,Q,Knee - mcl,,,,WR/FLEX
94070-90981,QB,Adrian,Adrian Martinez,Martinez,,,6000,ATL@DET,DET,ATL,,,,,,QB
94070-39793,TE,George,George Kittle,Kittle,3.950000047683716,2,6000,NYG@SF,SF,NYG,,,,,,TE/FLEX
94070-56192,QB,John,John Wolford,Wolford,8.899999618530273,2,6000,PHI@TB,TB,PHI,,,,,,QB
94070-29605,QB,Matt,Matt Barkley,Barkley,,,6000,BUF@WAS,BUF,WAS,Q,Elbow,,,,QB
94070-93103,QB,E.J.,E.J. Perry,Perry,,,6000,HOU@JAC,HOU,JAC,,,,,,QB
94070-56286,QB,Trace,Trace McSorley,McSorley,2.715999984741211,5,6000,NE@NYJ,NE,NYJ,,,,,,QB
94070-52342,QB,Will,Will Grier,Grier,,,6000,LAR@CIN,CIN,LAR,,,,,,QB
94070-42104,RB,Alvin,Alvin Kamara,Kamara,12.213333129882812,15,6000,NO@GB,NO,GB,IR,Suspension,,,,RB/FLEX
94070-89236,QB,James,James Blackman,Blackman,,,6000,DEN@MIA,MIA,DEN,,,,,,QB
94070-27801,QB,Nate,Nate Sudfeld,Sudfeld,-0.20000000298023224,2,6000,ATL@DET,DET,ATL,IR,Knee - acl,,,,QB
94070-93382,QB,Aidan,Aidan O'Connell,O'Connell,,,6000,PIT@LV,LV,PIT,,,,,,QB
94070-130269,QB,Reid,Reid Sinnett,Sinnett,,,6000,LAR@CIN,CIN,LAR,,,,,,QB
94070-54507,QB,Alex,Alex McGough,McGough,,,6000,NO@GB,GB,NO,,,,,,QB
94070-11500,QB,Colt,Colt McCoy,McCoy,8.949999809265137,4,6000,DAL@ARI,ARI,DAL,,,,,,QB
94070-185629,QB,Tim,Tim DeMorat,DeMorat,,,6000,BUF@WAS,WAS,BUF,,,,,,QB
94070-185640,QB,Dresser,Dresser Winn,Winn,,,6000,LAR@CIN,LAR,CIN,,,,,,QB
94070-91468,QB,Chase,Chase Garbers,Garbers,,,6000,PIT@LV,LV,PIT,,,,,,QB
94070-91511,QB,Holton,Holton Ahlers,Ahlers,,,6000,CAR@SEA,SEA,CAR,,,,,,QB
94070-52606,QB,David,David Blough,Blough,10.289999961853027,2,6000,ATL@DET,DET,ATL,,,,,,QB
94070-73118,QB,Ian,Ian Book,Book,,,6000,NE@NYJ,NE,NYJ,,,,,,QB
94070-60840,QB,Jake,Jake Browning,Browning,-0.10000000149011612,1,6000,LAR@CIN,CIN,LAR,,,,,,QB
94070-185773,QB,Nolan,Nolan Henderson,Henderson,,,6000,IND@BAL,BAL,IND,,,,,,QB
94070-185776,QB,Tyson,Tyson Bagent,Bagent,,,6000,CHI@KC,CHI,KC,,,,,,QB
94070-91639,QB,Jake,Jake Fromm,Fromm,,,6000,BUF@WAS,WAS,BUF,,,,,,QB
94070-89607,QB,Tanner,Tanner McKee,McKee,,,6000,PHI@TB,PHI,TB,,,,,,QB
94070-40482,QB,Tim,Tim Boyle,Boyle,-0.8799999952316284,1,6000,NE@NYJ,NYJ,NE,,,,,,QB
94070-30253,QB,Jeff,Jeff Driskel,Driskel,2.388571330479213,7,6000,DAL@ARI,ARI,DAL,,,,,,QB
94070-71242,QB,Jarrett,Jarrett Guarantano,Guarantano,,,6000,DEN@MIA,DEN,MIA,,,,,,QB
94070-69294,QB,Skylar,Skylar Thompson,Thompson,4.195000171661377,8,6000,DEN@MIA,MIA,DEN,,,,,,QB
94070-73398,QB,Chris,Chris Oladokun,Oladokun,,,6000,CHI@KC,KC,CHI,,,,,,QB
94070-52929,QB,Jake,Jake Luton,Luton,,,6000,CAR@SEA,CAR,SEA,,,,,,QB
94070-61157,QB,Brett,Brett Rypien,Rypien,5.505000114440918,4,6000,LAR@CIN,LAR,CIN,,,,,,QB
94070-71521,RB,Justice,Justice Hill,Hill,9.850000381469727,2,6000,IND@BAL,BAL,IND,Q,Toe,,,,RB/FLEX
94070-85860,QB,Tanner,Tanner Morgan,Morgan,,,6000,PIT@LV,PIT,LV,,,,,,QB
94070-38767,QB,Chris,Chris Streveler,Streveler,9,1,6000,NE@NYJ,NYJ,NE,Q,Thumb,,,,QB
94070-92082,QB,Austin,Austin Aune,Aune,,,6000,ATL@DET,ATL,DET,,,,,,QB
94070-38837,QB,Danny,Danny Etling,Etling,,,6000,NO@GB,GB,NO,,,,,,QB
94070-69597,QB,Anthony,Anthony Brown,Brown,3.7899999618530273,2,6000,IND@BAL,BAL,IND,,,,,,QB
94070-63469,QB,Ben,Ben DiNucci,DiNucci,,,6000,DEN@MIA,DEN,MIA,,,,,,QB
94070-63484,QB,Kyler,Kyler Murray,Murray,18.865454933860086,11,6000,DAL@ARI,ARI,DAL,NA,Knee - acl,,,,QB
94070-94370,WR,Romeo,Romeo Doubs,Doubs,10.300000190734863,2,5900,NO@GB,GB,NO,,,,,,WR/FLEX
94070-80289,WR,Kendrick,Kendrick Bourne,Bourne,13.149999618530273,2,5900,NE@NYJ,NE,NYJ,,,,,,WR/FLEX
94070-54140,RB,Dalvin,Dalvin Cook,Cook,3.549999952316284,2,5900,NE@NYJ,NYJ,NE,,,,,,RB/FLEX
94070-41872,TE,Evan,Evan Engram,Engram,8.050000190734863,2,5900,HOU@JAC,JAC,HOU,,,,,,TE/FLEX
94070-91426,WR,Donovan,Donovan Peoples-Jones,Peoples-Jones,1.4500000476837158,2,5900,TEN@CLE,CLE,TEN,,,,,,WR/FLEX
94070-89455,WR,Jayden,Jayden Reed,Reed,11.649999618530273,2,5900,NO@GB,GB,NO,,,,,,WR/FLEX
94070-87467,RB,Chuba,Chuba Hubbard,Hubbard,7.699999809265137,2,5900,CAR@SEA,CAR,SEA,,,,,,RB/FLEX
94070-112057,RB,Jaylen,Jaylen Warren,Warren,7.449999809265137,2,5900,PIT@LV,PIT,LV,,,,,,RB/FLEX
94070-28643,WR,Allen,Allen Robinson II,Robinson II,5.550000190734863,2,5900,PIT@LV,PIT,LV,,,,,,WR/FLEX
94070-86055,RB,Dameon,Dameon Pierce,Pierce,5.099999904632568,2,5800,HOU@JAC,HOU,JAC,,,,,,RB/FLEX
94070-86229,WR,Jahan,Jahan Dotson,Dotson,5.099999904632568,2,5800,BUF@WAS,WAS,BUF,,,,,,WR/FLEX
94070-90912,RB,Kenneth,Kenneth Gainwell,Gainwell,9.399999618530273,1,5800,PHI@TB,PHI,TB,Q,Ribs,,,,RB/FLEX
94070-29685,WR,Robert,Robert Woods,Woods,9.550000190734863,2,5800,HOU@JAC,HOU,JAC,,,,,,WR/FLEX
94070-56809,WR,Allen,Allen Lazard,Lazard,4.449999809265137,2,5800,NE@NYJ,NYJ,NE,,,,,,WR/FLEX
94070-38791,RB,Ezekiel,Ezekiel Elliott,Elliott,3.049999952316284,2,5800,NE@NYJ,NE,NYJ,,,,,,RB/FLEX
94070-28573,WR,Michael,Michael Thomas,Thomas,8.800000190734863,2,5800,NO@GB,NO,GB,,,,,,WR/FLEX
94070-92575,RB,Isiah,Isiah Pacheco,Pacheco,7.449999809265137,2,5700,CHI@KC,KC,CHI,Q,Hamstring,,,,RB/FLEX
94070-39716,WR,Adam,Adam Thielen,Thielen,9.550000190734863,2,5700,CAR@SEA,CAR,SEA,,,,,,WR/FLEX
94070-92976,WR,Tutu,Tutu Atwell,Atwell,13.300000190734863,2,5700,LAR@CIN,LAR,CIN,,,,,,WR/FLEX
94070-83074,TE,Dallas,Dallas Goedert,Goedert,2.5999999046325684,2,5700,PHI@TB,PHI,TB,,,,,,TE/FLEX
94070-52613,WR,Curtis,Curtis Samuel,Samuel,6.599999904632568,2,5700,BUF@WAS,WAS,BUF,,,,,,WR/FLEX
94070-22103,WR,Marvin,Marvin Jones Jr.,Jones Jr.,-0.20000000298023224,1,5700,ATL@DET,DET,ATL,,,,,,WR/FLEX
94070-110259,WR,Treylon,Treylon Burks,Burks,6.400000095367432,2,5700,TEN@CLE,TEN,CLE,,,,,,WR/FLEX
94070-40669,WR,Tyler,Tyler Boyd,Boyd,5.099999904632568,2,5700,LAR@CIN,CIN,LAR,,,,,,WR/FLEX
94070-40845,TE,Hunter,Hunter Henry,Henry,14.149999618530273,2,5700,NE@NYJ,NE,NYJ,,,,,,TE/FLEX
94070-104424,RB,Craig,Craig Reynolds,Reynolds,1,1,5700,ATL@DET,DET,ATL,,,,,,RB/FLEX
94070-88109,RB,Gary,Gary Brightwell,Brightwell,2.0999999046325684,1,5600,NYG@SF,NYG,SF,,,,,,RB/FLEX
94070-69777,WR,Darnell,Darnell Mooney,Mooney,13.300000190734863,1,5600,CHI@KC,CHI,KC,Q,Knee,,,,WR/FLEX
94070-86244,TE,Pat,Pat Freiermuth,Freiermuth,3.75,2,5600,PIT@LV,PIT,LV,,,,,,TE/FLEX
94070-63819,WR,Darius,Darius Slayton,Slayton,5.349999904632568,2,5600,NYG@SF,NYG,SF,,,,,,WR/FLEX
94070-63855,WR,K.J.,K.J. Osborn,Osborn,7.75,2,5600,LAC@MIN,MIN,LAC,,,,,,WR/FLEX
94070-90533,RB,Jerome,Jerome Ford,Ford,12.100000381469727,2,5600,TEN@CLE,CLE,TEN,,,,,,RB/FLEX
94070-55987,WR,JuJu,JuJu Smith-Schuster,Smith-Schuster,5.300000190734863,2,5600,NE@NYJ,NE,NYJ,,,,,,WR/FLEX
94070-72412,RB,Khalil,Khalil Herbert,Herbert,8.100000381469727,2,5600,CHI@KC,CHI,KC,,,,,,RB/FLEX
94070-64389,WR,Nick,Nick Westbrook-Ikhine,Westbrook-Ikhine,8.899999618530273,2,5600,TEN@CLE,TEN,CLE,,,,,,WR/FLEX
94070-70603,RB,Devin,Devin Singletary,Singletary,2.200000047683716,2,5600,HOU@JAC,HOU,JAC,,,,,,RB/FLEX
94070-112062,WR,Skyy,Skyy Moore,Moore,7.449999809265137,2,5600,CHI@KC,KC,CHI,,,,,,WR/FLEX
94070-52917,WR,DJ,DJ Chark Jr.,Chark Jr.,2,1,5600,CAR@SEA,CAR,SEA,,,,,,WR/FLEX
94070-85845,WR,Rashod,Rashod Bateman,Bateman,4.150000095367432,2,5600,IND@BAL,BAL,IND,,,,,,WR/FLEX
94070-86052,WR,Kadarius,Kadarius Toney,Toney,3.4000000953674316,2,5500,CHI@KC,KC,CHI,Q,Toe,,,,WR/FLEX
94070-45565,TE,Taysom,Taysom Hill,Hill,4.309999942779541,2,5500,NO@GB,NO,GB,Q,Knee,,,,TE/FLEX
94070-64031,TE,Hayden,Hayden Hurst,Hurst,8.050000190734863,2,5500,CAR@SEA,CAR,SEA,,,,,,TE/FLEX
94070-25267,WR,Mack,Mack Hollins,Hollins,6.050000190734863,2,5500,ATL@DET,ATL,DET,,,,,,WR/FLEX
94070-56262,WR,Parris,Parris Campbell,Campbell,2.4000000953674316,2,5500,NYG@SF,NYG,SF,,,,,,WR/FLEX
94070-29683,WR,Nelson,Nelson Agholor,Agholor,14.800000190734863,1,5500,IND@BAL,BAL,IND,,,,,,WR/FLEX
94070-64576,RB,Damien,Damien Harris,Harris,6.099999904632568,2,5500,BUF@WAS,BUF,WAS,,,,,,RB/FLEX
94070-52451,RB,Samaje,Samaje Perine,Perine,6.849999904632568,2,5500,DEN@MIA,DEN,MIA,,,,,,RB/FLEX
94070-73111,WR,Chase,Chase Claypool,Claypool,5.550000190734863,2,5500,CHI@KC,CHI,KC,,,,,,WR/FLEX
94070-71352,WR,Mecole,Mecole Hardman Jr.,Hardman Jr.,1.100000023841858,1,5500,NE@NYJ,NYJ,NE,,,,,,WR/FLEX
94070-55335,TE,David,David Njoku,Njoku,4.099999904632568,2,5400,TEN@CLE,CLE,TEN,,,,,,TE/FLEX
94070-86080,TE,Kyle,Kyle Pitts,Pitts,3.950000047683716,2,5400,ATL@DET,ATL,DET,,,,,,TE/FLEX
94070-55552,RB,Jeff,Jeff Wilson Jr.,Wilson Jr.,9.27058859432445,17,5400,DEN@MIA,MIA,DEN,IR,Abdomen,,,,RB/FLEX
94070-129291,WR,Tank,Tank Dell,Dell,10.800000190734863,2,5400,HOU@JAC,HOU,JAC,Q,Thigh,,,,WR/FLEX
94070-33260,WR,DeVante,DeVante Parker,Parker,8.699999809265137,1,5400,NE@NYJ,NE,NYJ,Q,Knee,,,,WR/FLEX
94070-86780,RB,Salvon,Salvon Ahmed,Ahmed,3.3499999046325684,2,5400,DEN@MIA,MIA,DEN,Q,Groin,,,,RB/FLEX
94070-85672,WR,Terrace,Terrace Marshall Jr.,Marshall Jr.,3.299999952316284,1,5400,CAR@SEA,CAR,SEA,,,,,,WR/FLEX
94070-40647,WR,Marquez,Marquez Valdes-Scantling,Valdes-Scantling,4.050000190734863,2,5400,CHI@KC,KC,CHI,,,,,,WR/FLEX
94070-69956,WR,Michael,Michael Gallup,Gallup,1.149999976158142,2,5300,DAL@ARI,DAL,ARI,,,,,,WR/FLEX
94070-129458,WR,Jaxon,Jaxon Smith-Njigba,Smith-Njigba,4.349999904632568,2,5300,CAR@SEA,SEA,CAR,,,,,,WR/FLEX
94070-31360,WR,Odell,Odell Beckham Jr.,Beckham Jr.,4.550000190734863,2,5300,IND@BAL,BAL,IND,Q,Ankle,,,,WR/FLEX
94070-70422,WR,Kalif,Kalif Raymond,Raymond,7.599999904632568,2,5300,ATL@DET,DET,ATL,,,,,,WR/FLEX
94070-90933,RB,Antonio,Antonio Gibson,Gibson,3.5999999046325684,2,5300,BUF@WAS,WAS,BUF,,,,,,RB/FLEX
94070-64581,WR,Van,Van Jefferson,Jefferson,2.9000000953674316,2,5300,LAR@CIN,LAR,CIN,,,,,,WR/FLEX
94070-64585,TE,Dawson,Dawson Knox,Knox,6.25,2,5300,BUF@WAS,BUF,WAS,Q,Back,,,,TE/FLEX
94070-120093,WR,Marvin,Marvin Mims Jr.,Mims Jr.,10.600000381469727,2,5300,DEN@MIA,DEN,MIA,,,,,,WR/FLEX
94070-71241,WR,Brandon,Brandon Johnson,Johnson,11.850000381469727,2,5300,DEN@MIA,DEN,MIA,,,,,,WR/FLEX
94070-87859,WR,Laviska,Laviska Shenault Jr.,Shenault Jr.,1.899999976158142,2,5300,CAR@SEA,CAR,SEA,,,,,,WR/FLEX
94070-57299,TE,Gerald,Gerald Everett,Everett,4.75,2,5300,LAC@MIN,LAC,MIN,,,,,,TE/FLEX
94070-28900,RB,Melvin,Melvin Gordon III,Gordon III,7.459999847412109,10,5200,IND@BAL,BAL,IND,,,,,,RB/FLEX
94070-12530,D,Dallas,Dallas Cowboys,Cowboys,26,2,5200,DAL@ARI,DAL,ARI,,,,,,DEF
94070-86312,WR,Alec,Alec Pierce,Pierce,2.4000000953674316,2,5200,IND@BAL,IND,BAL,,,,,,WR/FLEX
94070-41997,WR,River,River Cracraft,Cracraft,7.949999809265137,2,5200,DEN@MIA,MIA,DEN,,,,,,WR/FLEX
94070-105646,TE,Sam,Sam LaPorta,LaPorta,7.599999904632568,2,5200,ATL@DET,DET,ATL,,,,,,TE/FLEX
94070-93408,WR,Rondale,Rondale Moore,Moore,3.950000047683716,2,5200,DAL@ARI,ARI,DAL,,,,,,WR/FLEX
94070-34331,RB,Latavius,Latavius Murray,Murray,6.150000095367432,2,5200,BUF@WAS,BUF,WAS,,,,,,RB/FLEX
94070-12549,D,San Francisco,San Francisco 49ers,49ers,9,2,5100,NYG@SF,SF,NYG,,,,,,DEF
94070-92545,RB,Keaontay,Keaontay Ingram,Ingram,0.10000000149011612,2,5100,DAL@ARI,ARI,DAL,,,,,,RB/FLEX
94070-57986,WR,Hunter,Hunter Renfrow,Renfrow,2.799999952316284,1,5100,PIT@LV,LV,PIT,,,,,,WR/FLEX
94070-91047,TE,Cole,Cole Kmet,Kmet,6.349999904632568,2,5100,CHI@KC,CHI,KC,,,,,,TE/FLEX
94070-29780,TE,Zach,Zach Ertz,Ertz,6.849999904632568,2,5100,DAL@ARI,ARI,DAL,,,,,,TE/FLEX
94070-83083,WR,Justin,Justin Watson,Watson,5.599999904632568,2,5100,CHI@KC,KC,CHI,,,,,,WR/FLEX
94070-52495,WR,Braxton,Braxton Berrios,Berrios,4.75,2,5100,DEN@MIA,MIA,DEN,,,,,,WR/FLEX
94070-112192,WR,Jonathan,Jonathan Mingo,Mingo,3.4000000953674316,2,5100,CAR@SEA,CAR,SEA,,,,,,WR/FLEX
94070-128693,RB,Tank,Tank Bigsby,Bigsby,5.300000190734863,1,5100,HOU@JAC,JAC,HOU,,,,,,RB/FLEX
94070-14257,WR,Randall,Randall Cobb,Cobb,0,2,5100,NE@NYJ,NYJ,NE,,,,,,WR/FLEX
94070-30733,RB,Cordarrelle,Cordarrelle Patterson,Patterson,11.09230745755709,13,5000,ATL@DET,ATL,DET,,,,,,RB/FLEX
94070-145558,TE,Dalton,Dalton Kincaid,Kincaid,5.699999809265137,2,5000,BUF@WAS,BUF,WAS,,,,,,TE/FLEX
94070-12541,D,New England,New England Patriots,Patriots,5.5,2,5000,NE@NYJ,NE,NYJ,,,,,,DEF
94070-129305,WR,Josh,Josh Downs,Downs,5.099999904632568,2,5000,IND@BAL,IND,BAL,,,,,,WR/FLEX
94070-160306,RB,Pierre,Pierre Strong Jr.,Strong Jr.,6.099999904632568,1,5000,TEN@CLE,CLE,TEN,,,,,,RB/FLEX
94070-58041,RB,Mike,Mike Boone,Boone,3.299999952316284,1,5000,HOU@JAC,HOU,JAC,,,,,,RB/FLEX
94070-111311,WR,Rashee,Rashee Rice,Rice,6.550000190734863,2,5000,CHI@KC,KC,CHI,,,,,,WR/FLEX
94070-90870,WR,Calvin,Calvin Austin III,Austin III,4,2,5000,PIT@LV,PIT,LV,,,,,,WR/FLEX
94070-47870,TE,Tyler,Tyler Higbee,Higbee,4.550000190734863,2,5000,LAR@CIN,LAR,CIN,,,,,,TE/FLEX
94070-93134,RB,Deon,Deon Jackson,Jackson,1.2999999523162842,1,5000,IND@BAL,IND,BAL,,,,,,RB/FLEX
94070-29734,RB,Ty,Ty Montgomery II,Montgomery II,1.2999999523162842,2,5000,NE@NYJ,NE,NYJ,,,,,,RB/FLEX
94070-89230,RB,Cam,Cam Akers,Akers,8.899999618530273,1,5000,LAC@MIN,MIN,LAC,,,,,,RB/FLEX
94070-70889,RB,Benny,Benny Snell Jr.,Snell Jr.,2.9500001271565757,6,5000,ATL@DET,DET,ATL,,,,,,RB/FLEX
94070-111876,WR,Demario,Demario Douglas,Douglas,3.450000047683716,2,5000,NE@NYJ,NE,NYJ,,,,,,WR/FLEX
94070-64808,TE,Juwan,Juwan Johnson,Johnson,3.700000047683716,2,5000,NO@GB,NO,GB,,,,,,TE/FLEX
94070-54608,RB,Jerick,Jerick McKinnon,McKinnon,2.5999999046325684,2,5000,CHI@KC,KC,CHI,,,,,,RB/FLEX
94070-91578,RB,Zamir,Zamir White,White,0.699999988079071,2,5000,PIT@LV,LV,PIT,,,,,,RB/FLEX
94070-32243,WR,Marquise,Marquise Goodwin,Goodwin,0,2,5000,TEN@CLE,CLE,TEN,,,,,,WR/FLEX
94070-138820,RB,De'Von,De'Von Achane,Achane,1.399999976158142,1,5000,DEN@MIA,MIA,DEN,,,,,,RB/FLEX
94070-89680,TE,Jake,Jake Ferguson,Ferguson,5.349999904632568,2,5000,DAL@ARI,DAL,ARI,,,,,,TE/FLEX
94070-91931,TE,Greg,Greg Dulcich,Dulcich,3.200000047683716,1,5000,DEN@MIA,DEN,MIA,IR,Hamstring,,,,TE/FLEX
94070-71705,TE,Noah,Noah Fant,Fant,7.599999904632568,1,4900,CAR@SEA,SEA,CAR,,,,,,TE/FLEX
94070-102902,WR,Trey,Trey Palmer,Palmer,5.150000095367432,2,4900,PHI@TB,TB,PHI,,,,,,WR/FLEX
94070-86518,WR,Khalil,Khalil Shakir,Shakir,7.599999904632568,1,4900,BUF@WAS,BUF,WAS,,,,,,WR/FLEX
94070-113228,TE,Luke,Luke Musgrave,Musgrave,5,2,4900,NO@GB,GB,NO,,,,,,TE/FLEX
94070-72370,RB,J.J.,J.J. Taylor,Taylor,2.200000047683716,1,4900,NE@NYJ,NE,NYJ,,,,,,RB/FLEX
94070-60451,TE,Tyler,Tyler Conklin,Conklin,4.099999904632568,2,4900,NE@NYJ,NYJ,NE,,,,,,TE/FLEX
94070-87418,WR,Joshua,Joshua Palmer,Palmer,1.850000023841858,2,4900,LAC@MIN,LAC,MIN,,,,,,WR/FLEX
94070-114180,WR,David,David Bell,Bell,2.0999999046325684,2,4900,TEN@CLE,CLE,TEN,,,,,,WR/FLEX
94070-85741,RB,Clyde,Clyde Edwards-Helaire,Edwards-Helaire,3.049999952316284,2,4900,CHI@KC,KC,CHI,,,,,,RB/FLEX
94070-139094,WR,Jalin,Jalin Hyatt,Hyatt,4.949999809265137,2,4900,NYG@SF,NYG,SF,,,,,,WR/FLEX
94070-110457,WR,Dontayvion,Dontayvion Wicks,Wicks,5.5,2,4900,NO@GB,GB,NO,,,,,,WR/FLEX
94070-79979,WR,Jamal,Jamal Agnew,Agnew,0.4000000059604645,2,4800,HOU@JAC,JAC,HOU,,,,,,WR/FLEX
94070-61593,WR,Jauan,Jauan Jennings,Jennings,3.049999952316284,2,4800,NYG@SF,SF,NYG,,,,,,WR/FLEX
94070-28827,RB,Dare,Dare Ogunbowale,Ogunbowale,0.4000000059604645,1,4800,HOU@JAC,HOU,JAC,,,,,,RB/FLEX
94070-88297,TE,Chig,Chig Okonkwo,Okonkwo,2.75,2,4800,TEN@CLE,TEN,CLE,,,,,,TE/FLEX
94070-12536,D,Kansas City,Kansas City Chiefs,Chiefs,7,2,4800,CHI@KC,KC,CHI,,,,,,DEF
94070-92590,RB,Raheem,Raheem Blackshear,Blackshear,2.923076923076923,13,4800,CAR@SEA,CAR,SEA,,,,,,RB/FLEX
94070-55970,RB,Royce,Royce Freeman,Freeman,4,4,4800,LAR@CIN,LAR,CIN,,,,,,RB/FLEX
94070-107293,RB,Tyjae,Tyjae Spears,Spears,4.900000095367432,2,4800,TEN@CLE,TEN,CLE,,,,,,RB/FLEX
94070-72725,TE,Irv,Irv Smith Jr.,Smith Jr.,2.5999999046325684,2,4800,LAR@CIN,CIN,LAR,,,,,,TE/FLEX
94070-42046,TE,Durham,Durham Smythe,Smythe,4.849999904632568,2,4800,DEN@MIA,MIA,DEN,,,,,,TE/FLEX
94070-73130,RB,Chris,Chris Evans,Evans,1.600000023841858,1,4800,LAR@CIN,CIN,LAR,Q,Hamstring,,,,RB/FLEX
94070-71105,WR,Ben,Ben Skowronek,Skowronek,1.2999999523162842,2,4800,LAR@CIN,LAR,CIN,,,,,,WR/FLEX
94070-71143,TE,Kylen,Kylen Granson,Granson,7.5,2,4800,IND@BAL,IND,BAL,,,,,,TE/FLEX
94070-89612,WR,Michael,Michael Wilson,Wilson,5,2,4800,DAL@ARI,ARI,DAL,,,,,,WR/FLEX
94070-26355,TE,Logan,Logan Thomas,Thomas,7.75,2,4800,BUF@WAS,WAS,BUF,Q,Concussion,,,,TE/FLEX
94070-55042,TE,Dalton,Dalton Schultz,Schultz,3.4000000953674316,2,4800,HOU@JAC,HOU,JAC,,,,,,TE/FLEX
94070-120639,WR,Quentin,Quentin Johnston,Johnston,1.5499999523162842,2,4800,LAC@MIN,LAC,MIN,,,,,,WR/FLEX
94070-73687,WR,Quez,Quez Watkins,Watkins,2.700000047683716,1,4800,PHI@TB,PHI,TB,Q,Hamstring,,,,WR/FLEX
94070-69860,RB,Trayveon,Trayveon Williams,Williams,1.0499999523162842,2,4700,LAR@CIN,CIN,LAR,,,,,,RB/FLEX
94070-92413,RB,Elijah,Elijah Mitchell,Mitchell,1,1,4700,NYG@SF,SF,NYG,,,,,,RB/FLEX
94070-12554,D,Jacksonville,Jacksonville Jaguars,Jaguars,9.5,2,4700,HOU@JAC,JAC,HOU,,,,,,DEF
94070-33047,WR,Chris,Chris Moore,Moore,2.700000047683716,2,4700,TEN@CLE,TEN,CLE,,,,,,WR/FLEX
94070-102696,WR,John,John Metchie III,Metchie III,2.200000047683716,1,4700,HOU@JAC,HOU,JAC,,,,,,WR/FLEX
94070-94579,RB,Emari,Emari Demercado,Demercado,1.5,1,4700,DAL@ARI,ARI,DAL,,,,,,RB/FLEX
94070-43433,RB,Boston,Boston Scott,Scott,2.75,2,4700,PHI@TB,PHI,TB,Q,Concussion,,,,RB/FLEX
94070-88548,WR,Jalen,Jalen Tolbert,Tolbert,1.649999976158142,2,4700,DAL@ARI,DAL,ARI,,,,,,WR/FLEX
94070-86543,WR,Erik,Erik Ezukanma,Ezukanma,1.100000023841858,2,4700,DEN@MIA,MIA,DEN,,,,,,WR/FLEX
94070-102928,RB,Eric,Eric Gray,Gray,0,2,4700,NYG@SF,NYG,SF,,,,,,RB/FLEX
94070-27229,RB,Ameer,Ameer Abdullah,Abdullah,0.5,2,4700,PIT@LV,LV,PIT,,,,,,RB/FLEX
94070-72297,RB,Rico,Rico Dowdle,Dowdle,3.5999999046325684,2,4700,DAL@ARI,DAL,ARI,,,,,,RB/FLEX
94070-103187,RB,Roschon,Roschon Johnson,Johnson,9.850000381469727,2,4700,CHI@KC,CHI,KC,,,,,,RB/FLEX
94070-86811,TE,Cade,Cade Otton,Otton,5,2,4700,PHI@TB,TB,PHI,,,,,,TE/FLEX
94070-27477,WR,Sterling,Sterling Shepard,Shepard,0.44999998807907104,2,4700,NYG@SF,NYG,SF,,,,,,WR/FLEX
94070-45997,WR,Keith,Keith Kirkwood,Kirkwood,0,2,4700,NO@GB,NO,GB,,,,,,WR/FLEX
94070-72627,RB,Patrick,Patrick Taylor,Taylor,1.149999976158142,2,4700,NO@GB,GB,NO,,,,,,RB/FLEX
94070-70601,TE,Harrison,Harrison Bryant,Bryant,3.75,2,4700,TEN@CLE,CLE,TEN,,,,,,TE/FLEX
94070-56265,TE,Mike,Mike Gesicki,Gesicki,5.449999809265137,2,4700,NE@NYJ,NE,NYJ,,,,,,TE/FLEX
94070-64496,WR,Olamide,Olamide Zaccheaus,Zaccheaus,5.625,16,4700,PHI@TB,PHI,TB,,,,,,WR/FLEX
94070-48116,TE,Jonnu,Jonnu Smith,Smith,6.699999809265137,1,4700,ATL@DET,ATL,DET,,,,,,TE/FLEX
94070-72705,TE,John,John Bates,Bates,6.099999904632568,1,4700,BUF@WAS,WAS,BUF,,,,,,TE/FLEX
94070-83081,RB,Chase,Chase Edmonds,Edmonds,1,2,4700,PHI@TB,TB,PHI,IR,Knee - mcl,,,,RB/FLEX
94070-40126,TE,Austin,Austin Hooper,Hooper,2.75,2,4700,PIT@LV,LV,PIT,,,,,,TE/FLEX
94070-56708,TE,Will,Will Dissly,Dissly,3.8499999046325684,2,4700,CAR@SEA,SEA,CAR,Q,Shoulder,,,,TE/FLEX
94070-87432,WR,Cedric,Cedric Tillman,Tillman,,,4700,TEN@CLE,CLE,TEN,,,,,,WR/FLEX
94070-138643,WR,Jason,Jason Brownlee,Brownlee,,,4700,NE@NYJ,NYJ,NE,,,,,,WR/FLEX
94070-94345,TE,Cole,Cole Turner,Turner,2.6500000953674316,2,4600,BUF@WAS,WAS,BUF,,,,,,TE/FLEX
94070-90307,TE,Daniel,Daniel Bellinger,Bellinger,0.6000000238418579,1,4600,NYG@SF,NYG,SF,,,,,,TE/FLEX
94070-57543,RB,D'Ernest,D'Ernest Johnson,Johnson,0.8999999761581421,2,4600,HOU@JAC,JAC,HOU,,,,,,RB/FLEX
94070-88277,RB,Anthony,Anthony McFarland Jr.,McFarland Jr.,2.0999999046325684,1,4600,PIT@LV,PIT,LV,IR,Knee,,,,RB/FLEX
94070-129240,WR,Tyler,Tyler Scott,Scott,2.4000000953674316,1,4600,CHI@KC,CHI,KC,,,,,,WR/FLEX
94070-53498,WR,Richie,Richie James Jr.,James Jr.,-0.44999998807907104,2,4600,CHI@KC,KC,CHI,Q,Knee - mcl,,,,WR/FLEX
94070-12545,D,Philadelphia,Philadelphia Eagles,Eagles,11,2,4600,PHI@TB,PHI,TB,,,,,,DEF
94070-102762,RB,Kevin,Kevin Harris,Harris,2.2399999618530275,5,4600,NE@NYJ,NE,NYJ,,,,,,RB/FLEX
94070-53639,WR,Isaiah,Isaiah McKenzie,McKenzie,0.6000000238418579,2,4600,IND@BAL,IND,BAL,,,,,,WR/FLEX
94070-63907,TE,Josh,Josh Oliver,Oliver,3.5,2,4600,LAC@MIN,MIN,LAC,,,,,,TE/FLEX
94070-57840,RB,Rashaad,Rashaad Penny,Penny,1.899999976158142,1,4600,PHI@TB,PHI,TB,,,,,,RB/FLEX
94070-70133,RB,Jake,Jake Funk,Funk,2.700000047683716,1,4600,IND@BAL,IND,BAL,,,,,,RB/FLEX
94070-92882,TE,Connor,Connor Heyward,Heyward,2.9000000953674316,1,4600,PIT@LV,PIT,LV,,,,,,TE/FLEX
94070-119653,WR,Kayshon,Kayshon Boutte,Boutte,0,1,4600,NE@NYJ,NE,NYJ,,,,,,WR/FLEX
94070-103376,RB,Zach,Zach Charbonnet,Charbonnet,2.549999952316284,2,4600,CAR@SEA,SEA,CAR,,,,,,RB/FLEX
94070-93143,TE,Noah,Noah Gray,Gray,4.949999809265137,2,4600,CHI@KC,KC,CHI,,,,,,TE/FLEX
94070-103619,WR,Tre,Tre Tucker,Tucker,3.4000000953674316,1,4600,PIT@LV,LV,PIT,,,,,,WR/FLEX
94070-60712,TE,Foster,Foster Moreau,Moreau,3,1,4600,NO@GB,NO,GB,Q,Ankle,,,,TE/FLEX
94070-87371,RB,Ty,Ty Chandler,Chandler,2.0999999046325684,2,4600,LAC@MIN,MIN,LAC,,,,,,RB/FLEX
94070-93538,WR,Dyami,Dyami Brown,Brown,4,1,4600,BUF@WAS,WAS,BUF,,,,,,WR/FLEX
94070-71031,WR,Lil'Jordan,Lil'Jordan Humphrey,Humphrey,4.5,2,4600,DEN@MIA,DEN,MIA,,,,,,WR/FLEX
94070-71032,WR,Devin,Devin Duvernay,Duvernay,0.75,2,4600,IND@BAL,BAL,IND,Q,Shoulder,,,,WR/FLEX
94070-89588,TE,Colby,Colby Parkinson,Parkinson,3.200000047683716,2,4600,CAR@SEA,SEA,CAR,,,,,,TE/FLEX
94070-185878,RB,Elijah,Elijah Dotson,Dotson,2.9000000953674316,1,4600,LAC@MIN,LAC,MIN,,,,,,RB/FLEX
94070-147051,RB,Jaleel,Jaleel McLaughlin,McLaughlin,3.1500000953674316,2,4600,DEN@MIA,DEN,MIA,,,,,,RB/FLEX
94070-89785,RB,Spencer,Spencer Brown,Brown,3.1500000953674316,2,4600,CAR@SEA,CAR,SEA,,,,,,RB/FLEX
94070-138998,TE,Michael,Michael Mayer,Mayer,0.699999988079071,1,4600,PIT@LV,LV,PIT,,,,,,TE/FLEX
94070-112455,WR,Xavier,Xavier Gipson,Gipson,3,2,4600,NE@NYJ,NYJ,NE,,,,,,WR/FLEX
94070-120657,RB,Kendre,Kendre Miller,Miller,,,4600,NO@GB,NO,GB,,,,,,RB/FLEX
94070-137059,RB,Sean,Sean Tucker,Tucker,2.049999952316284,2,4600,PHI@TB,TB,PHI,,,,,,RB/FLEX
94070-79974,RB,Tarik,Tarik Cohen,Cohen,,,4500,CAR@SEA,CAR,SEA,,,,,,RB/FLEX
94070-63591,RB,Ronald,Ronald Jones II,Jones II,2.616666634877523,6,4500,DAL@ARI,DAL,ARI,,,,,,RB/FLEX
94070-79980,TE,Eric,Eric Saubert,Saubert,2.176923018235427,13,4500,DEN@MIA,MIA,DEN,Q,Undisclosed,,,,TE/FLEX
94070-53390,WR,Zach,Zach Pascal,Pascal,0.699999988079071,2,4500,DAL@ARI,ARI,DAL,,,,,,WR/FLEX
94070-12555,D,Baltimore,Baltimore Ravens,Ravens,7.5,2,4500,IND@BAL,BAL,IND,,,,,,DEF
94070-22898,RB,Brandon,Brandon Bolden,Bolden,2.8499999046325684,8,4500,PIT@LV,LV,PIT,,,,,,RB/FLEX
94070-110978,RB,Evan,Evan Hull,Hull,1.2000000476837158,1,4500,IND@BAL,IND,BAL,IR,Knee,,,,RB/FLEX
94070-55830,RB,D'Onta,D'Onta Foreman,Foreman,3.4000000953674316,1,4500,CHI@KC,CHI,KC,,,,,,RB/FLEX
94070-56059,WR,Trent,Trent Sherfield,Sherfield,4.04117629107307,17,4500,BUF@WAS,BUF,WAS,,,,,,WR/FLEX
94070-86875,RB,Jordan,Jordan Mason,Mason,3.6666666666666665,9,4500,NYG@SF,SF,NYG,,,,,,RB/FLEX
94070-41867,RB,Jordan,Jordan Wilkins,Wilkins,2.924999952316284,4,4500,TEN@CLE,CLE,TEN,,,,,,RB/FLEX
94070-64403,WR,Irvin,Irvin Charles,Charles,,,4500,NE@NYJ,NYJ,NE,,,,,,WR/FLEX
94070-56248,WR,Noah,Noah Brown,Brown,3.4000000953674316,1,4500,HOU@JAC,HOU,JAC,IR,Groin,,,,WR/FLEX
94070-111631,WR,Jameson,Jameson Williams,Williams,2.433333396911621,6,4500,ATL@DET,DET,ATL,IR,Suspension,,,,WR/FLEX
94070-152631,WR,Samori,Samori Toure,Toure,1.9500000476837158,2,4500,NO@GB,GB,NO,,,,,,WR/FLEX
94070-103539,WR,Wan'Dale,Wan'Dale Robinson,Robinson,6.683333079020183,6,4500,NYG@SF,NYG,SF,Q,Knee - acl,,,,WR/FLEX
94070-89220,WR,Tyquan,Tyquan Thornton,Thornton,4.608333269755046,12,4500,NE@NYJ,NE,NYJ,IR,Shoulder,,,,WR/FLEX
94070-62628,WR,DeAndre,DeAndre Carter,Carter,0.5,2,4500,PIT@LV,LV,PIT,,,,,,WR/FLEX
94070-130288,RB,James,James Robinson,Robinson,7.55454531582919,11,4500,NYG@SF,NYG,SF,,,,,,RB/FLEX
94070-91417,TE,Luke,Luke Schoonmaker,Schoonmaker,6.599999904632568,1,4500,DAL@ARI,DAL,ARI,,,,,,TE/FLEX
94070-85306,WR,KhaDarel,KhaDarel Hodge,Hodge,3.855555640326606,9,4500,ATL@DET,ATL,DET,,,,,,WR/FLEX
94070-38264,WR,Demarcus,Demarcus Robinson,Robinson,5.3941174675436585,17,4500,LAR@CIN,LAR,CIN,,,,,,WR/FLEX
94070-89493,RB,Chase,Chase Brown,Brown,0.20000000298023224,1,4500,LAR@CIN,CIN,LAR,,,,,,RB/FLEX
94070-73121,RB,Tony,Tony Jones Jr.,Jones Jr.,7.949999809265137,2,4500,NO@GB,NO,GB,,,,,,RB/FLEX
94070-114100,RB,Isaiah,Isaiah Spiller,Spiller,0.30000001192092896,1,4500,LAC@MIN,LAC,MIN,,,,,,RB/FLEX
94070-185861,RB,Emanuel,Emanuel Wilson,Wilson,0.5,1,4500,NO@GB,GB,NO,,,,,,RB/FLEX
94070-91750,TE,Trey,Trey McBride,McBride,3.75,2,4500,DAL@ARI,ARI,DAL,,,,,,TE/FLEX
94070-26251,WR,Robbie,Robbie Chosen,Chosen,3.5166667302449546,12,4500,DEN@MIA,MIA,DEN,,,,,,WR/FLEX
94070-40758,RB,Corey,Corey Clement,Clement,4.849999904632568,4,4500,DAL@ARI,ARI,DAL,,,,,,RB/FLEX
94070-91971,RB,Ronnie,Ronnie Rivers,Rivers,0.8999999761581421,1,4500,LAR@CIN,LAR,CIN,,,,,,RB/FLEX
94070-104278,TE,Donald,Donald Parham Jr.,Parham Jr.,5.449999809265137,2,4500,LAC@MIN,LAC,MIN,,,,,,TE/FLEX
94070-94116,TE,Will,Will Mallory,Mallory,5.900000095367432,1,4500,IND@BAL,IND,BAL,,,,,,TE/FLEX
94070-65477,TE,Giovanni,Giovanni Ricci,Ricci,0.699999988079071,1,4500,CAR@SEA,CAR,SEA,,,,,,TE/FLEX
94070-57338,TE,Jordan,Jordan Akins,Akins,1.2000000476837158,2,4500,TEN@CLE,CLE,TEN,,,,,,TE/FLEX
94070-57342,WR,Tre'Quan,Tre'Quan Smith,Smith,4.811111026340061,9,4500,NO@GB,NO,GB,IR,Groin,,,,WR/FLEX
94070-137254,RB,Deuce,Deuce Vaughn,Vaughn,2.75,2,4400,DAL@ARI,DAL,ARI,,,,,,RB/FLEX
94070-12526,D,Buffalo,Buffalo Bills,Bills,8,2,4400,BUF@WAS,BUF,WAS,,,,,,DEF
94070-94481,WR,Deven,Deven Thompkins,Thompkins,1.5499999523162842,2,4400,PHI@TB,TB,PHI,,,,,,WR/FLEX
94070-102729,RB,Snoop,Snoop Conner,Conner,2.0399999618530273,5,4400,HOU@JAC,JAC,HOU,,,,,,RB/FLEX
94070-80294,TE,Anthony,Anthony Firkser,Firkser,1.8125,8,4400,NE@NYJ,NE,NYJ,,,,,,TE/FLEX
94070-31207,TE,C.J.,C.J. Uzomah,Uzomah,3.808333396911621,12,4400,NE@NYJ,NYJ,NE,,,,,,TE/FLEX
94070-92890,WR,Cody,Cody White,White,0.699999988079071,1,4400,PIT@LV,PIT,LV,Q,Undisclosed,,,,WR/FLEX
94070-72515,TE,Ian,Ian Thomas,Thomas,2.323076981764573,13,4400,CAR@SEA,CAR,SEA,,,,,,TE/FLEX
94070-103252,RB,Zonovan,Zonovan Knight,Knight,7.5,7,4400,ATL@DET,DET,ATL,,,,,,RB/FLEX
94070-91046,TE,Brock,Brock Wright,Wright,2.700000047683716,1,4400,ATL@DET,DET,ATL,,,,,,TE/FLEX
94070-52345,WR,Brandon,Brandon Powell,Powell,-1,2,4400,LAC@MIN,MIN,LAC,,,,,,WR/FLEX
94070-87260,TE,Isaiah,Isaiah Likely,Likely,1.100000023841858,2,4400,IND@BAL,BAL,IND,,,,,,TE/FLEX
94070-93531,WR,Antoine,Antoine Green,Green,0.699999988079071,1,4400,ATL@DET,DET,ATL,,,,,,WR/FLEX
94070-93539,RB,Michael,Michael Carter,Carter,2.200000047683716,2,4400,NE@NYJ,NYJ,NE,,,,,,RB/FLEX
94070-56711,TE,Drew,Drew Sample,Sample,0.4000000059604645,2,4400,LAR@CIN,CIN,LAR,,,,,,TE/FLEX
94070-64905,WR,Trenton,Trenton Irwin,Irwin,5.327272588556463,11,4400,LAR@CIN,CIN,LAR,,,,,,WR/FLEX
94070-60957,WR,KaVontae,KaVontae Turpin,Turpin,5.75,2,4400,DAL@ARI,DAL,ARI,,,,,,WR/FLEX
94070-71246,WR,Marquez,Marquez Callaway,Callaway,2.9799999237060546,10,4400,PIT@LV,LV,PIT,,,,,,WR/FLEX
94070-69276,WR,Bryan,Bryan Edwards,Edwards,0.75,4,4400,NO@GB,NO,GB,,,,,,WR/FLEX
94070-52897,RB,Darrel,Darrel Williams,Williams,3.8200000762939452,5,4400,NO@GB,NO,GB,,,,,,RB/FLEX
94070-63186,WR,James,James Proche II,Proche II,0.9199999809265137,10,4400,IND@BAL,BAL,IND,,,,,,WR/FLEX
94070-61273,WR,Scotty,Scotty Miller,Miller,0,1,4400,ATL@DET,ATL,DET,,,,,,WR/FLEX
94070-94094,TE,Brevin,Brevin Jordan,Jordan,3.700000047683716,1,4400,HOU@JAC,HOU,JAC,,,,,,TE/FLEX
94070-69558,WR,Greg,Greg Dortch,Dortch,0,2,4400,DAL@ARI,ARI,DAL,,,,,,WR/FLEX
94070-69581,WR,Cedrick,Cedrick Wilson Jr.,Wilson Jr.,1.7153845566969652,13,4400,DEN@MIA,MIA,DEN,,,,,,WR/FLEX
94070-24533,TE,Mo,Mo Alie-Cox,Alie-Cox,1,2,4400,IND@BAL,IND,BAL,,,,,,TE/FLEX
94070-63479,RB,John,John Kelly Jr.,Kelly Jr.,,,4400,TEN@CLE,CLE,TEN,,,,,,RB/FLEX
94070-63646,TE,Lawrence,Lawrence Cager,Cager,2.700000047683716,1,4300,NYG@SF,NYG,SF,,,,,,TE/FLEX
94070-24755,WR,Jamison,Jamison Crowder,Crowder,0,2,4300,BUF@WAS,WAS,BUF,,,,,,WR/FLEX
94070-63717,RB,Alec,Alec Ingold,Ingold,4.400000095367432,1,4300,DEN@MIA,MIA,DEN,,,,,,RB/FLEX
94070-12529,D,Cleveland,Cleveland Browns,Browns,8,2,4300,TEN@CLE,CLE,TEN,,,,,,DEF
94070-12547,D,Pittsburgh,Pittsburgh Steelers,Steelers,15,2,4300,PIT@LV,PIT,LV,,,,,,DEF
94070-137516,WR,Parker,Parker Washington,Washington,,,4300,HOU@JAC,JAC,HOU,,,,,,WR/FLEX
94070-94621,WR,Derius,Derius Davis,Davis,1,2,4300,LAC@MIN,LAC,MIN,,,,,,WR/FLEX
94070-55748,WR,James,James Washington,Washington,0,1,4300,IND@BAL,IND,BAL,,,,,,WR/FLEX
94070-80353,TE,Robert,Robert Tonyan,Tonyan,0,1,4300,CHI@KC,CHI,KC,,,,,,TE/FLEX
94070-64147,WR,Britain,Britain Covey,Covey,0,2,4300,PHI@TB,PHI,TB,,,,,,WR/FLEX
94070-94936,RB,Larry,Larry Rountree III,Rountree III,2.1500000953674316,2,4300,HOU@JAC,HOU,JAC,,,,,,RB/FLEX
94070-88816,TE,Peyton,Peyton Hendershot,Hendershot,0,2,4300,DAL@ARI,DAL,ARI,,,,,,TE/FLEX
94070-27403,TE,Blake,Blake Bell,Bell,8.199999809265137,1,4300,CHI@KC,KC,CHI,,,,,,TE/FLEX
94070-70426,RB,Reggie,Reggie Gilliam,Gilliam,0.800000011920929,1,4300,BUF@WAS,BUF,WAS,,,,,,RB/FLEX
94070-41806,WR,Laquon,Laquon Treadwell,Treadwell,2.3999999364217124,3,4300,IND@BAL,BAL,IND,,,,,,WR/FLEX
94070-93026,TE,Teagan,Teagan Quitoriano,Quitoriano,1.600000023841858,1,4300,HOU@JAC,HOU,JAC,,,,,,TE/FLEX
94070-93150,WR,Jake,Jake Bobo,Bobo,0.800000011920929,1,4300,CAR@SEA,SEA,CAR,,,,,,WR/FLEX
94070-70661,WR,Velus,Velus Jones Jr.,Jones Jr.,-0.30000001192092896,1,4300,CHI@KC,CHI,KC,,,,,,WR/FLEX
94070-87127,RB,Chris,Chris Rodriguez Jr.,Rodriguez Jr.,0.3499999940395355,2,4300,BUF@WAS,WAS,BUF,,,,,,RB/FLEX
94070-83138,TE,Ross,Ross Dwelley,Dwelley,4.5,4,4300,NYG@SF,SF,NYG,,,,,,TE/FLEX
94070-130270,TE,Adam,Adam Trautman,Trautman,2.950000047683716,2,4300,DEN@MIA,DEN,MIA,,,,,,TE/FLEX
94070-26038,TE,Tyler,Tyler Kroft,Kroft,1.9249999523162842,4,4300,DEN@MIA,MIA,DEN,Q,Back,,,,TE/FLEX
94070-103966,TE,Stone,Stone Smartt,Smartt,2.9000000953674316,1,4300,LAC@MIN,LAC,MIN,,,,,,TE/FLEX
94070-147049,TE,Drew,Drew Ogletree,Ogletree,2.5,1,4300,IND@BAL,IND,BAL,,,,,,TE/FLEX
94070-69295,WR,Byron,Byron Pringle,Pringle,0.8999999761581421,1,4300,BUF@WAS,WAS,BUF,,,,,,WR/FLEX
94070-61112,TE,Josiah,Josiah Deguara,Deguara,1.5,1,4300,NO@GB,GB,NO,,,,,,TE/FLEX
94070-104176,WR,Deonte,Deonte Harty,Harty,2.0999999046325684,2,4300,BUF@WAS,BUF,WAS,,,,,,WR/FLEX
94070-85762,RB,Eno,Eno Benjamin,Benjamin,5.93076911339393,13,4300,NO@GB,NO,GB,IR,Achilles,,,,RB/FLEX
94070-69383,WR,Dezmon,Dezmon Patmon,Patmon,3.4000000953674316,1,4300,CAR@SEA,CAR,SEA,,,,,,WR/FLEX
94070-89964,WR,Justyn,Justyn Ross,Ross,1.100000023841858,1,4300,CHI@KC,KC,CHI,,,,,,WR/FLEX
94070-94087,RB,DeeJay,DeeJay Dallas,Dallas,1.2999999523162842,2,4300,CAR@SEA,SEA,CAR,,,,,,RB/FLEX
94070-90123,TE,Quintin,Quintin Morris,Morris,2.4000000953674316,8,4200,BUF@WAS,BUF,WAS,,,,,,TE/FLEX
94070-63550,WR,Isaiah,Isaiah Zuber,Zuber,,,4200,PIT@LV,LV,PIT,Q,Undisclosed,,,,WR/FLEX
94070-63576,WR,Kirk,Kirk Merritt,Merritt,,,4200,NO@GB,NO,GB,,,,,,WR/FLEX
94070-24671,WR,Adam,Adam Humphries,Humphries,,,4200,HOU@JAC,HOU,JAC,,,,,,WR/FLEX
94070-86113,WR,Ihmir,Ihmir Smith-Marsette,Smith-Marsette,0,2,4200,CAR@SEA,CAR,SEA,,,,,,WR/FLEX
94070-79998,WR,Keelan,Keelan Cole Sr.,Cole Sr.,2.281818216497248,11,4200,PIT@LV,LV,PIT,,,,,,WR/FLEX
94070-104577,WR,Gunner,Gunner Olszewski,Olszewski,-1.5,1,4200,PIT@LV,PIT,LV,Q,Concussion,,,,WR/FLEX
94070-94363,WR,Elijah,Elijah Cooks,Cooks,,,4200,HOU@JAC,JAC,HOU,,,,,,WR/FLEX
94070-65724,RB,JaMycal,JaMycal Hasty,Hasty,4.320000203450521,15,4200,HOU@JAC,JAC,HOU,,,,,,RB/FLEX
94070-32957,TE,Eric,Eric Tomlinson,Tomlinson,3.049999952316284,8,4200,HOU@JAC,HOU,JAC,,,,,,TE/FLEX
94070-129219,RB,Israel,Israel Abanikanda,Abanikanda,,,4200,NE@NYJ,NYJ,NE,,,,,,RB/FLEX
94070-170184,RB,Julius,Julius Chestnut,Chestnut,1.1333333651224773,6,4200,TEN@CLE,TEN,CLE,,,,,,RB/FLEX
94070-63697,TE,Brycen,Brycen Hopkins,Hopkins,2.5999999046325684,1,4200,LAR@CIN,LAR,CIN,,,,,,TE/FLEX
94070-86255,TE,Josh,Josh Whyle,Whyle,,,4200,TEN@CLE,TEN,CLE,,,,,,TE/FLEX
94070-131328,RB,Zach,Zach Evans,Evans,,,4200,LAR@CIN,LAR,CIN,,,,,,RB/FLEX
94070-12550,D,Seattle,Seattle Seahawks,Seahawks,7,2,4200,CAR@SEA,SEA,CAR,,,,,,DEF
94070-30989,RB,Kenyan,Kenyan Drake,Drake,7.966666539510091,12,4200,IND@BAL,BAL,IND,,,,,,RB/FLEX
94070-149832,TE,Shane,Shane Zylstra,Zylstra,4.4375,8,4200,ATL@DET,DET,ATL,IR,Knee,,,,TE/FLEX
94070-39286,TE,O.J.,O.J. Howard,Howard,2.8636363636363638,11,4200,PIT@LV,LV,PIT,,,,,,TE/FLEX
94070-90522,TE,Cameron,Cameron Latu,Latu,,,4200,NYG@SF,SF,NYG,IR,Knee - meniscus,,,,TE/FLEX
94070-94625,WR,Jalen,Jalen Reagor,Reagor,1.2722222010294597,18,4200,NE@NYJ,NE,NYJ,,,,,,WR/FLEX
94070-31184,RB,Jonathan,Jonathan Williams,Williams,2.8375000953674316,8,4200,BUF@WAS,WAS,BUF,Q,Undisclosed,,,,RB/FLEX
94070-6672,TE,Marcedes,Marcedes Lewis,Lewis,3.933333396911621,6,4200,CHI@KC,CHI,KC,,,,,,TE/FLEX
94070-57909,RB,Marlon,Marlon Mack,Mack,4.899999891008649,7,4200,DAL@ARI,ARI,DAL,IR,Achilles,,,,RB/FLEX
94070-62042,WR,Deon,Deon Cain,Cain,,,4200,PHI@TB,PHI,TB,,,,,,WR/FLEX
94070-62055,WR,Ray-Ray,Ray-Ray McCloud III,McCloud III,0,2,4200,NYG@SF,SF,NYG,,,,,,WR/FLEX
94070-88685,WR,Austin,Austin Trammell,Trammell,0,1,4200,LAR@CIN,LAR,CIN,,,,,,WR/FLEX
94070-94831,RB,Deneric,Deneric Prince,Prince,,,4200,CHI@KC,KC,CHI,,,,,,RB/FLEX
94070-70282,WR,Demetric,Demetric Felton,Felton,0.27999999523162844,5,4200,LAR@CIN,CIN,LAR,,,,,,WR/FLEX
94070-80546,TE,Dan,Dan Arnold,Arnold,1.8,10,4200,PHI@TB,PHI,TB,,,,,,TE/FLEX
94070-94887,RB,Tyler,Tyler Badie,Badie,8.899999618530273,1,4200,DEN@MIA,DEN,MIA,,,,,,RB/FLEX
94070-88752,WR,Charlie,Charlie Jones,Jones,3,2,4200,LAR@CIN,CIN,LAR,,,,,,WR/FLEX
94070-29411,TE,Pharaoh,Pharaoh Brown,Brown,2.528571537562779,7,4200,NE@NYJ,NE,NYJ,,,,,,TE/FLEX
94070-27441,RB,Damien,Damien Williams,Williams,0.20000000298023224,1,4200,PIT@LV,LV,PIT,,,,,,RB/FLEX
94070-70501,RB,C.J.,C.J. Ham,Ham,1.7000000476837158,1,4200,LAC@MIN,MIN,LAC,,,,,,RB/FLEX
94070-134023,RB,Keaton,Keaton Mitchell,Mitchell,,,4200,IND@BAL,BAL,IND,IR,Shoulder,,,,RB/FLEX
94070-119788,WR,Xavier,Xavier Hutchinson,Hutchinson,0.699999988079071,2,4200,HOU@JAC,HOU,JAC,,,,,,WR/FLEX
94070-70663,WR,Frank,Frank Darby,Darby,2,1,4200,ATL@DET,ATL,DET,Q,Undisclosed,,,,WR/FLEX
94070-62505,TE,MyCole,MyCole Pruitt,Pruitt,4.7,10,4200,ATL@DET,ATL,DET,,,,,,TE/FLEX
94070-89157,RB,Caleb,Caleb Huntley,Huntley,3.6583334604899087,12,4200,ATL@DET,ATL,DET,Q,Achilles,,,,RB/FLEX
94070-87122,WR,Lynn,Lynn Bowden Jr.,Bowden Jr.,,,4200,NO@GB,NO,GB,,,,,,WR/FLEX
94070-68714,TE,Ko,Ko Kieft,Kieft,0,1,4200,PHI@TB,TB,PHI,,,,,,TE/FLEX
94070-68730,TE,Sean,Sean McKeon,McKeon,1.0499999523162842,2,4200,DAL@ARI,DAL,ARI,,,,,,TE/FLEX
94070-58499,TE,Parker,Parker Hesse,Hesse,1.4888888465033636,9,4200,ATL@DET,ATL,DET,,,,,,TE/FLEX
94070-103587,TE,Brenton,Brenton Strange,Strange,,,4200,HOU@JAC,JAC,HOU,,,,,,TE/FLEX
94070-89283,TE,Tre',Tre' McKitty,McKitty,1.4800000190734863,10,4200,LAC@MIN,LAC,MIN,,,,,,TE/FLEX
94070-25813,WR,Phillip,Phillip Dorsett II,Dorsett II,0,1,4200,DEN@MIA,DEN,MIA,,,,,,WR/FLEX
94070-93404,RB,Zander,Zander Horvath,Horvath,2.012500047683716,8,4200,PIT@LV,PIT,LV,,,,,,RB/FLEX
94070-64841,WR,Equanimeous,Equanimeous St. Brown,St. Brown,3.387500047683716,16,4200,CHI@KC,CHI,KC,,,,,,WR/FLEX
94070-64907,WR,J.J.,J.J. Arcega-Whiteside,Arcega-Whiteside,,,4200,ATL@DET,ATL,DET,,,,,,WR/FLEX
94070-136663,RB,DeWayne,DeWayne McBride,McBride,,,4200,LAC@MIN,MIN,LAC,,,,,,RB/FLEX
94070-103896,WR,Nsimba,Nsimba Webster,Webster,2.4000000953674316,1,4200,CHI@KC,CHI,KC,,,,,,WR/FLEX
94070-87515,WR,Tylan,Tylan Wallace,Wallace,1.0600000381469727,5,4200,IND@BAL,BAL,IND,,,,,,WR/FLEX
94070-34295,WR,Breshad,Breshad Perriman,Perriman,2.3499999046325684,8,4200,IND@BAL,IND,BAL,,,,,,WR/FLEX
94070-73247,RB,Kene,Kene Nwangwu,Nwangwu,0.8076923076923077,13,4200,LAC@MIN,MIN,LAC,IR,Back,,,,RB/FLEX
94070-69168,WR,N'Keal,N'Keal Harry,Harry,3.5166667302449546,6,4200,LAC@MIN,MIN,LAC,,,,,,WR/FLEX
94070-63050,RB,Ty,Ty Johnson,Johnson,3.066666603088379,12,4200,BUF@WAS,BUF,WAS,,,,,,RB/FLEX
94070-63078,RB,Ke'Shawn,Ke'Shawn Vaughn,Vaughn,1.7399999618530273,5,4200,PHI@TB,TB,PHI,,,,,,RB/FLEX
94070-38523,TE,Geoff,Geoff Swaim,Swaim,1.618181748823686,11,4200,DAL@ARI,ARI,DAL,,,,,,TE/FLEX
94070-85635,TE,Charlie,Charlie Kolar,Kolar,0,1,4200,IND@BAL,BAL,IND,,,,,,TE/FLEX
94070-65182,TE,Mitchell,Mitchell Wilcox,Wilcox,2.8454544760964136,11,4200,LAR@CIN,CIN,LAR,,,,,,TE/FLEX
94070-52916,WR,Russell,Russell Gage,Gage,7.149999891008649,14,4200,PHI@TB,TB,PHI,IR,Knee,,,,WR/FLEX
94070-89817,WR,Austin,Austin Watkins Jr.,Watkins Jr.,,,4200,TEN@CLE,CLE,TEN,,,,,,WR/FLEX
94070-104165,RB,Lew,Lew Nichols III,Nichols III,,,4200,NO@GB,GB,NO,Q,Shoulder,,,,RB/FLEX
94070-87815,TE,Jeremy,Jeremy Ruckert,Ruckert,0.6499999761581421,2,4200,NE@NYJ,NYJ,NE,,,,,,TE/FLEX
94070-22288,WR,Cole,Cole Beasley,Beasley,3.1142856052943637,7,4200,NYG@SF,NYG,SF,O,Leg,,,,WR/FLEX
94070-71444,RB,Travis,Travis Homer,Homer,4.387499809265137,8,4200,CHI@KC,CHI,KC,,,,,,RB/FLEX
94070-104297,WR,Jason,Jason Moore,Moore,1,1,4200,ATL@DET,DET,ATL,,,,,,WR/FLEX
94070-89970,WR,Amari,Amari Rodgers,Rodgers,2.0733333587646485,15,4200,IND@BAL,IND,BAL,,,,,,WR/FLEX
94070-85881,RB,Mohamed,Mohamed Ibrahim,Ibrahim,,,4200,ATL@DET,DET,ATL,Q,Undisclosed,,,,RB/FLEX
94070-63419,WR,Andy,Andy Isabella,Isabella,1.0666666825612385,3,4200,BUF@WAS,BUF,WAS,,,,,,WR/FLEX
94070-32703,WR,Jakeem,Jakeem Grant Sr.,Grant Sr.,,,4200,TEN@CLE,CLE,TEN,IR,Kneecap,,,,WR/FLEX
94070-92166,WR,Marcus,Marcus Jones,Jones,0,1,4100,NE@NYJ,NE,NYJ,Q,Shoulder,,,,WR/FLEX
94070-86047,RB,Malik,Malik Davis,Davis,5.233333269755046,6,4100,DAL@ARI,DAL,ARI,,,,,,RB/FLEX
94070-71723,WR,Dez,Dez Fitzpatrick,Fitzpatrick,,,4100,PIT@LV,PIT,LV,,,,,,WR/FLEX
94070-79982,RB,Alex,Alex Armah,Armah,,,4100,BUF@WAS,WAS,BUF,,,,,,RB/FLEX
94070-63625,RB,Nyheim,Nyheim Hines,Hines,3.8055555555555554,18,4100,BUF@WAS,BUF,WAS,IR,Knee,,,,RB/FLEX
94070-28907,WR,Alex,Alex Erickson,Erickson,0,1,4100,LAC@MIN,LAC,MIN,,,,,,WR/FLEX
94070-149742,RB,Nate,Nate McCrary,McCrary,,,4100,NO@GB,GB,NO,,,,,,RB/FLEX
94070-12533,D,Green Bay,Green Bay Packers,Packers,9,2,4100,NO@GB,GB,NO,,,,,,DEF
94070-12542,D,New Orleans,New Orleans Saints,Saints,8.5,2,4100,NO@GB,NO,GB,,,,,,DEF
94070-90408,WR,Dax,Dax Milne,Milne,0.8466666539510092,15,4100,BUF@WAS,WAS,BUF,IR,Groin,,,,WR/FLEX
94070-63839,TE,Tyler,Tyler Mabry,Mabry,7.199999809265137,1,4100,CAR@SEA,SEA,CAR,,,,,,TE/FLEX
94070-133477,TE,Darnell,Darnell Washington,Washington,,,4100,PIT@LV,PIT,LV,Q,Knee,,,,TE/FLEX
94070-88433,RB,Travis,Travis Dye,Dye,,,4100,NE@NYJ,NYJ,NE,,,,,,RB/FLEX
94070-90480,TE,Joel,Joel Wilson,Wilson,,,4100,BUF@WAS,BUF,WAS,,,,,,TE/FLEX
94070-80299,RB,Patrick,Patrick Ricard,Ricard,1.1153846153846154,13,4100,IND@BAL,BAL,IND,,,,,,RB/FLEX
94070-41430,WR,Devin,Devin Ross,Ross,,,4100,PIT@LV,LV,PIT,,,,,,WR/FLEX
94070-14820,RB,Nick,Nick Bellore,Bellore,0.30000001192092896,1,4100,CAR@SEA,SEA,CAR,,,,,,RB/FLEX
94070-72182,WR,Dee,Dee Eskridge,Eskridge,1.144444465637207,9,4100,CAR@SEA,SEA,CAR,IR,Suspension,,,,WR/FLEX
94070-39428,RB,Kyle,Kyle Juszczyk,Juszczyk,3.066666666666667,15,4100,NYG@SF,SF,NYG,,,,,,RB/FLEX
94070-88607,WR,Braylon,Braylon Sanders,Sanders,0.3499999940395355,2,4100,DEN@MIA,MIA,DEN,,,,,,WR/FLEX
94070-150090,WR,Cade,Cade Johnson,Johnson,2.8333333333333335,3,4100,CAR@SEA,SEA,CAR,,,,,,WR/FLEX
94070-86646,RB,Trey,Trey Sermon,Sermon,1.899999976158142,1,4100,IND@BAL,IND,BAL,,,,,,RB/FLEX
94070-55941,RB,Patrick,Patrick Laird,Laird,,,4100,PHI@TB,TB,PHI,,,,,,RB/FLEX
94070-92859,WR,Jalen,Jalen Nailor,Nailor,5.679999923706054,5,4100,LAC@MIN,MIN,LAC,Q,Hamstring,,,,WR/FLEX
94070-70383,RB,Darrynton,Darrynton Evans,Evans,3.3999999364217124,3,4100,DEN@MIA,MIA,DEN,,,,,,RB/FLEX
94070-64242,WR,Keke,Keke Coutee,Coutee,0.07142857142857142,7,4100,DEN@MIA,MIA,DEN,,,,,,WR/FLEX
94070-54007,TE,Jacob,Jacob Hollister,Hollister,,,4100,PIT@LV,LV,PIT,Q,Undisclosed,,,,TE/FLEX
94070-136031,WR,Rakim,Rakim Jarrett,Jarrett,0.6000000238418579,2,4100,PHI@TB,TB,PHI,,,,,,WR/FLEX
94070-93023,RB,Jermar,Jermar Jefferson,Jefferson,,,4100,ATL@DET,DET,ATL,Q,Undisclosed,,,,RB/FLEX
94070-64350,WR,Jeff,Jeff Smith,Smith,2.4857142312186107,7,4100,DAL@ARI,ARI,DAL,,,,,,WR/FLEX
94070-93075,TE,Hunter,Hunter Long,Long,0,1,4100,LAR@CIN,LAR,CIN,IR,Thigh,,,,TE/FLEX
94070-91101,TE,Tommy,Tommy Tremble,Tremble,3.0642858232770647,14,4100,CAR@SEA,CAR,SEA,,,,,,TE/FLEX
94070-56289,RB,Jason,Jason Cabinda,Cabinda,0.3499999940395355,4,4100,ATL@DET,DET,ATL,,,,,,RB/FLEX
94070-41954,WR,Victor,Victor Bolden,Bolden,,,4100,HOU@JAC,HOU,JAC,,,,,,WR/FLEX
94070-70705,TE,Trevon,Trevon Wesco,Wesco,0,1,4100,TEN@CLE,TEN,CLE,,,,,,TE/FLEX
94070-72772,RB,Avery,Avery Williams,Williams,1.6176470588235294,17,4100,ATL@DET,ATL,DET,IR,Knee - acl,,,,RB/FLEX
94070-87112,WR,Josh,Josh Ali,Ali,0,1,4100,ATL@DET,ATL,DET,,,,,,WR/FLEX
94070-46177,TE,David,David Wells,Wells,0,1,4100,PHI@TB,TB,PHI,,,,,,TE/FLEX
94070-68712,WR,Tyler,Tyler Johnson,Johnson,,,4100,LAR@CIN,LAR,CIN,,,,,,WR/FLEX
94070-89209,RB,Trestan,Trestan Ebner,Ebner,0.5199999809265137,10,4100,CHI@KC,CHI,KC,Q,Concussion,,,,RB/FLEX
94070-89214,RB,Abram,Abram Smith,Smith,,,4100,LAC@MIN,MIN,LAC,,,,,,RB/FLEX
94070-52409,RB,Jakob,Jakob Johnson,Johnson,0.5,7,4100,PIT@LV,LV,PIT,,,,,,RB/FLEX
94070-70859,TE,Albert,Albert Okwuegbunam,Okwuegbunam,3.4166666666666665,6,4100,PHI@TB,PHI,TB,,,,,,TE/FLEX
94070-93391,TE,Payne,Payne Durham,Durham,,,4100,PHI@TB,TB,PHI,,,,,,TE/FLEX
94070-95455,WR,D.J.,D.J. Montgomery,Montgomery,,,4100,IND@BAL,IND,BAL,,,,,,WR/FLEX
94070-91361,RB,Hassan,Hassan Haskins,Haskins,1.7083333333333333,12,4100,TEN@CLE,TEN,CLE,IR,Undisclosed,,,,RB/FLEX
94070-130275,WR,Kristian,Kristian Wilkerson,Wilkerson,,,4100,PIT@LV,LV,PIT,,,,,,WR/FLEX
94070-60705,WR,Tyron,Tyron Billy-Johnson,Billy-Johnson,0.6499999761581421,2,4100,DAL@ARI,DAL,ARI,,,,,,WR/FLEX
94070-64827,WR,Miles,Miles Boykin,Boykin,1,1,4100,PIT@LV,PIT,LV,,,,,,WR/FLEX
94070-91467,TE,Jake,Jake Tonges,Tonges,0,1,4100,CHI@KC,CHI,KC,,,,,,TE/FLEX
94070-64864,TE,Noah,Noah Togiai,Togiai,0,1,4100,DAL@ARI,ARI,DAL,,,,,,TE/FLEX
94070-56698,WR,Dante,Dante Pettis,Pettis,3.7133333841959635,15,4100,CHI@KC,CHI,KC,Q,Undisclosed,,,,WR/FLEX
94070-60838,WR,Andre,Andre Baccellia,Baccellia,1.6,5,4100,DAL@ARI,ARI,DAL,,,,,,WR/FLEX
94070-87469,TE,Jelani,Jelani Woods,Woods,5.141666730244954,12,4100,IND@BAL,IND,BAL,IR,Hamstring,,,,TE/FLEX
94070-40371,TE,Johnny,Johnny Mundt,Mundt,2.2285714830671037,14,4100,LAC@MIN,MIN,LAC,,,,,,TE/FLEX
94070-73161,TE,Chase,Chase Allen,Allen,,,4100,CHI@KC,CHI,KC,Q,Undisclosed,,,,TE/FLEX
94070-69068,RB,Jonathan,Jonathan Ward,Ward,2.0999999046325684,2,4100,TEN@CLE,TEN,CLE,Q,Knee,,,,RB/FLEX
94070-73176,TE,Luke,Luke Farrell,Farrell,1.5,4,4100,HOU@JAC,JAC,HOU,,,,,,TE/FLEX
94070-60930,RB,Myles,Myles Gaskin,Gaskin,3.700000047683716,2,4100,LAC@MIN,MIN,LAC,,,,,,RB/FLEX
94070-138786,WR,Malik,Malik Heath,Heath,0,2,4100,NO@GB,GB,NO,,,,,,WR/FLEX
94070-60977,RB,Ty'Son,Ty'Son Williams,Williams,1,1,4100,DAL@ARI,ARI,DAL,,,,,,RB/FLEX
94070-87621,WR,A.T.,A.T. Perry,Perry,,,4100,NO@GB,NO,GB,,,,,,WR/FLEX
94070-54863,WR,C.J.,C.J. Goodwin,Goodwin,,,4100,DAL@ARI,DAL,ARI,,,,,,WR/FLEX
94070-18009,TE,Chris,Chris Manhertz,Manhertz,1.028571401323591,7,4100,DEN@MIA,DEN,MIA,,,,,,TE/FLEX
94070-87657,WR,Seth,Seth Williams,Williams,,,4100,HOU@JAC,JAC,HOU,,,,,,WR/FLEX
94070-87662,WR,Anthony,Anthony Schwartz,Schwartz,2.7999998728434243,6,4100,TEN@CLE,CLE,TEN,Q,Hamstring,,,,WR/FLEX
94070-56947,TE,Chris,Chris Myarick,Myarick,2.2857142857142856,7,4100,NYG@SF,NYG,SF,IR,Hand,,,,TE/FLEX
94070-61060,RB,Devine,Devine Ozigbo,Ozigbo,0.40000001589457196,3,4100,ATL@DET,DET,ATL,,,,,,RB/FLEX
94070-61072,WR,Stanley,Stanley Morgan,Morgan,0,1,4100,LAR@CIN,CIN,LAR,,,,,,WR/FLEX
94070-110230,RB,Kenny,Kenny McIntosh,McIntosh,,,4100,CAR@SEA,SEA,CAR,IR,Knee,,,,RB/FLEX
94070-85687,WR,Jontre,Jontre Kirklin,Kirklin,,,4100,NO@GB,NO,GB,,,,,,WR/FLEX
94070-71351,TE,Charlie,Charlie Woerner,Woerner,0,2,4100,NYG@SF,SF,NYG,,,,,,TE/FLEX
94070-69303,WR,Freddie,Freddie Swain,Swain,3.133333206176758,3,4100,PHI@TB,PHI,TB,,,,,,WR/FLEX
94070-69302,TE,Feleipe,Feleipe Franks,Franks,0,2,4100,ATL@DET,ATL,DET,IR,Undisclosed,,,,TE/FLEX
94070-30403,WR,Chris,Chris Conley,Conley,1.649999976158142,4,4100,NYG@SF,SF,NYG,,,,,,WR/FLEX
94070-71367,RB,La'Mical,La'Mical Perine,Perine,,,4100,CHI@KC,KC,CHI,,,,,,RB/FLEX
94070-85731,WR,Racey,Racey McMath,McMath,1.350000023841858,4,4100,IND@BAL,IND,BAL,,,,,,WR/FLEX
94070-61172,TE,Tyler,Tyler Davis,Davis,0.9199999809265137,5,4100,NO@GB,GB,NO,IR,Knee,,,,TE/FLEX
94070-91902,WR,Kyle,Kyle Philips,Philips,1.9500000476837158,4,4100,TEN@CLE,TEN,CLE,IR,Knee - mcl,,,,WR/FLEX
94070-136970,WR,Danny,Danny Gray,Gray,0.48000001907348633,5,4100,NYG@SF,SF,NYG,IR,Shoulder - ac joint,,,,WR/FLEX
94070-55088,WR,Malik,Malik Turner,Turner,,,4100,IND@BAL,IND,BAL,Q,Undisclosed,,,,WR/FLEX
94070-69451,TE,Jack,Jack Stoll,Stoll,1.709090839732777,11,4100,PHI@TB,PHI,TB,,,,,,TE/FLEX
94070-104388,WR,Tom,Tom Kennedy,Kennedy,3.0166667302449546,6,4100,ATL@DET,DET,ATL,Q,Arm,,,,WR/FLEX
94070-30678,WR,Damiere,Damiere Byrd,Byrd,3.7749999364217124,12,4100,CAR@SEA,CAR,SEA,Q,Hamstring,,,,WR/FLEX
94070-63447,WR,Penny,Penny Hart,Hart,1.1666666666666667,3,4100,ATL@DET,ATL,DET,IR,Concussion,,,,WR/FLEX
94070-85986,TE,James,James Mitchell,Mitchell,2.8499999046325684,8,4100,ATL@DET,DET,ATL,,,,,,TE/FLEX
94070-104421,TE,Jesper,Jesper Horsted,Horsted,1.7000000476837158,2,4100,PIT@LV,LV,PIT,,,,,,TE/FLEX
94070-104447,TE,Jody,Jody Fortson,Fortson,2.529999923706055,10,4100,CHI@KC,KC,CHI,IR,Shoulder,,,,TE/FLEX
94070-110603,RB,Titus,Titus Swen,Swen,,,4000,IND@BAL,IND,BAL,,,,,,RB/FLEX
94070-96269,RB,Owen,Owen Wright,Wright,,,4000,IND@BAL,BAL,IND,,,,,,RB/FLEX
94070-40977,TE,Ricky,Ricky Seals-Jones,Seals-Jones,,,4000,IND@BAL,IND,BAL,Q,Foot,,,,TE/FLEX
94070-170000,WR,Shemar,Shemar Bridges,Bridges,,,4000,IND@BAL,BAL,IND,Q,Knee,,,,WR/FLEX
94070-69655,TE,Stephen,Stephen Sullivan,Sullivan,0.9333333174387614,6,4000,CAR@SEA,CAR,SEA,IR,Hip,,,,TE/FLEX
94070-28694,TE,Jesse,Jesse James,James,,,4000,NO@GB,NO,GB,,,,,,TE/FLEX
94070-110624,WR,C.J.,C.J. Johnson,Johnson,,,4000,CAR@SEA,SEA,CAR,,,,,,WR/FLEX
94070-133163,WR,Ra'Shaun,Ra'Shaun Henry,Henry,,,4000,CAR@SEA,SEA,CAR,IR,Undisclosed,,,,WR/FLEX
94070-86068,WR,Jacob,Jacob Copeland,Copeland,,,4000,PIT@LV,PIT,LV,,,,,,WR/FLEX
94070-86075,TE,Lucas,Lucas Krull,Krull,,,4000,DEN@MIA,DEN,MIA,,,,,,TE/FLEX
94070-94269,RB,Henry,Henry Pearson,Pearson,,,4000,NO@GB,GB,NO,,,,,,RB/FLEX
94070-59455,TE,Sammis,Sammis Reyes,Reyes,,,4000,HOU@JAC,JAC,HOU,IR,Concussion,,,,TE/FLEX
94070-174148,RB,Carlos,Carlos Washington Jr.,Washington Jr.,,,4000,ATL@DET,ATL,DET,,,,,,RB/FLEX
94070-65607,TE,Jacob,Jacob Harris,Harris,1.100000023841858,1,4000,HOU@JAC,JAC,HOU,,,,,,TE/FLEX
94070-55366,RB,Qadree,Qadree Ollison,Ollison,,,4000,PIT@LV,PIT,LV,,,,,,RB/FLEX
94070-165962,TE,Nikola,Nikola Kalinic,Kalinic,0,1,4000,LAR@CIN,LAR,CIN,,,,,,TE/FLEX
94070-41042,WR,Marcell,Marcell Ateman,Ateman,,,4000,BUF@WAS,BUF,WAS,,,,,,WR/FLEX
94070-65627,WR,Maurice,Maurice Alexander,Alexander,0.40000001589457196,3,4000,ATL@DET,DET,ATL,,,,,,WR/FLEX
94070-86108,RB,Monte,Monte Pottebaum,Pottebaum,,,4000,PIT@LV,PIT,LV,IR,Undisclosed,,,,RB/FLEX
94070-92256,WR,Malik,Malik Knowles,Knowles,,,4000,LAC@MIN,MIN,LAC,IR,Undisclosed,,,,WR/FLEX
94070-94314,RB,Camerun,Camerun Peoples,Peoples,,,4000,CAR@SEA,CAR,SEA,,,,,,RB/FLEX
94070-86125,WR,Brandon,Brandon Smith,Smith,,,4000,DAL@ARI,ARI,DAL,,,,,,WR/FLEX
94070-79987,WR,David,David Moore,Moore,,,4000,PHI@TB,TB,PHI,,,,,,WR/FLEX
94070-63603,WR,Jared,Jared Pinkney,Pinkney,,,4000,CHI@KC,CHI,KC,Q,Undisclosed,,,,WR/FLEX
94070-61555,WR,David,David Sills V,Sills V,2.3000000544956754,7,4000,DEN@MIA,DEN,MIA,,,,,,WR/FLEX
94070-55414,WR,Cody,Cody Thompson,Thompson,,,4000,CAR@SEA,SEA,CAR,,,,,,WR/FLEX
94070-69752,WR,Jalen,Jalen Virgil,Virgil,3.125,4,4000,DEN@MIA,DEN,MIA,IR,Knee - meniscus,,,,WR/FLEX
94070-71806,TE,Kaden,Kaden Smith,Smith,,,4000,BUF@WAS,WAS,BUF,IR,Undisclosed,,,,TE/FLEX
94070-84101,WR,Vyncint,Vyncint Smith,Smith,,,4000,IND@BAL,IND,BAL,,,,,,WR/FLEX
94070-155790,TE,Izaiah,Izaiah Gathings,Gathings,,,4000,CHI@KC,KC,CHI,,,,,,TE/FLEX
94070-71821,WR,Joe,Joe Reed,Reed,,,4000,CHI@KC,CHI,KC,IR,Undisclosed,,,,WR/FLEX
94070-178337,RB,Tyler,Tyler Hoosman,Hoosman,,,4000,LAC@MIN,LAC,MIN,,,,,,RB/FLEX
94070-86178,TE,Dominique,Dominique Dafney,Dafney,,,4000,PHI@TB,TB,PHI,Q,Undisclosed,,,,TE/FLEX
94070-92331,TE,Johnny,Johnny Lumpkin,Lumpkin,,,4000,IND@BAL,IND,BAL,,,,,,TE/FLEX
94070-61610,RB,Jacques,Jacques Patrick,Patrick,,,4000,TEN@CLE,TEN,CLE,,,,,,RB/FLEX
94070-157875,WR,Grant,Grant DuBose,DuBose,,,4000,NO@GB,GB,NO,,,,,,WR/FLEX
94070-86192,WR,KJ,KJ Hamler,Hamler,3.7166665395100913,6,4000,DEN@MIA,DEN,MIA,Q,Pectoral,,,,WR/FLEX
94070-86203,WR,Justin,Justin Shorter,Shorter,,,4000,BUF@WAS,BUF,WAS,IR,Hamstring,,,,WR/FLEX
94070-151737,TE,E.J.,E.J. Jenkins,Jenkins,,,4000,NE@NYJ,NYJ,NE,,,,,,TE/FLEX
94070-86205,WR,Mac,Mac Hippenhammer,Hippenhammer,,,4000,LAR@CIN,CIN,LAR,,,,,,WR/FLEX
94070-65737,TE,Sam,Sam Tecklenburg,Tecklenburg,,,4000,CAR@SEA,CAR,SEA,,,,,,TE/FLEX
94070-149710,WR,Mike,Mike Strachan,Strachan,1.4800000190734863,5,4000,CAR@SEA,CAR,SEA,,,,,,WR/FLEX
94070-69836,WR,Collin,Collin Johnson,Johnson,,,4000,NYG@SF,NYG,SF,,,,,,WR/FLEX
94070-170188,TE,Tanner,Tanner Conner,Conner,0,2,4000,DEN@MIA,MIA,DEN,,,,,,TE/FLEX
94070-149708,TE,Zach,Zach Davidson,Davidson,,,4000,BUF@WAS,BUF,WAS,IR,Undisclosed,,,,TE/FLEX
94070-170206,TE,Rodney,Rodney Williams II,Williams II,,,4000,PIT@LV,PIT,LV,,,,,,TE/FLEX
94070-149727,TE,Bernhard,Bernhard Seikovits,Seikovits,,,4000,DAL@ARI,ARI,DAL,,,,,,TE/FLEX
94070-137439,WR,Zion,Zion Bowens,Bowens,,,4000,BUF@WAS,WAS,BUF,,,,,,WR/FLEX
94070-57565,RB,Austin,Austin Walter,Walter,,,4000,PIT@LV,LV,PIT,IR,Undisclosed,,,,RB/FLEX
94070-86238,TE,Zack,Zack Kuntz,Kuntz,,,4000,NE@NYJ,NYJ,NE,,,,,,TE/FLEX
94070-170208,WR,Kaden,Kaden Davis,Davis,,,4000,DAL@ARI,ARI,DAL,,,,,,WR/FLEX
94070-170214,WR,Dennis,Dennis Houston,Houston,1.2999999523162842,2,4000,NYG@SF,NYG,SF,,,,,,WR/FLEX
94070-90343,WR,Jordan,Jordan Byrd,Byrd,,,4000,PIT@LV,PIT,LV,,,,,,WR/FLEX
94070-170213,RB,Aaron,Aaron Shampklin,Shampklin,,,4000,LAC@MIN,LAC,MIN,,,,,,RB/FLEX
94070-88294,WR,Dontay,Dontay Demus Jr.,Demus Jr.,,,4000,IND@BAL,BAL,IND,,,,,,WR/FLEX
94070-92395,RB,Chris,Chris Smith,Smith,,,4000,CAR@SEA,SEA,CAR,,,,,,RB/FLEX
94070-86254,TE,Leonard,Leonard Taylor,Taylor,,,4000,HOU@JAC,JAC,HOU,IR,Suspension,,,,TE/FLEX
94070-90353,WR,Jesse,Jesse Matthews,Matthews,,,4000,HOU@JAC,HOU,JAC,IR,Knee - acl,,,,WR/FLEX
94070-94453,RB,Darwin,Darwin Thompson,Thompson,,,4000,PIT@LV,LV,PIT,,,,,,RB/FLEX
94070-12532,D,Detroit,Detroit Lions,Lions,4.5,2,4000,ATL@DET,DET,ATL,,,,,,DEF
94070-88313,WR,Brian,Brian Cobbs,Cobbs,,,4000,DAL@ARI,ARI,DAL,,,,,,WR/FLEX
94070-61693,TE,Danny,Danny Pinter,Pinter,,,4000,IND@BAL,IND,BAL,IR,Ankle,,,,TE/FLEX
94070-71935,WR,Kendric,Kendric Pryor,Pryor,,,4000,HOU@JAC,JAC,HOU,,,,,,WR/FLEX
94070-12552,D,Washington,Washington Commanders,Commanders,10.5,2,4000,BUF@WAS,WAS,BUF,,,,,,DEF
94070-92432,WR,Jose,Jose Barbon,Barbon,,,4000,DAL@ARI,DAL,ARI,,,,,,WR/FLEX
94070-90398,TE,Matt,Matt Bushman,Bushman,,,4000,CHI@KC,KC,CHI,,,,,,TE/FLEX
94070-174372,WR,Nick,Nick Williams,Williams,,,4000,DEN@MIA,DEN,MIA,,,,,,WR/FLEX
94070-86316,RB,Chuck,Chuck McClelland,McClelland,,,4000,TEN@CLE,TEN,CLE,,,,,,RB/FLEX
94070-170290,TE,Dre,Dre Miller,Miller,,,4000,NO@GB,GB,NO,,,,,,TE/FLEX
94070-92465,WR,Sean,Sean Ryan,Ryan,,,4000,IND@BAL,BAL,IND,,,,,,WR/FLEX
94070-45371,WR,Darius,Darius Phillips,Phillips,,,4000,ATL@DET,DET,ATL,,,,,,WR/FLEX
94070-102721,WR,Dontario,Dontario Drummond,Drummond,,,4000,DAL@ARI,DAL,ARI,,,,,,WR/FLEX
94070-149827,TE,Nick,Nick Guggemos,Guggemos,,,4000,BUF@WAS,BUF,WAS,,,,,,TE/FLEX
94070-86341,RB,Xazavian,Xazavian Valladay,Valladay,,,4000,NE@NYJ,NYJ,NE,,,,,,RB/FLEX
94070-90456,WR,Ty,Ty Scott,Scott,,,4000,CHI@KC,KC,CHI,,,,,,WR/FLEX
94070-90458,RB,Troy,Troy Hairston,Hairston,0.6285714421953473,7,4000,HOU@JAC,HOU,JAC,IR,Back,,,,RB/FLEX
94070-88421,WR,Daewood,Daewood Davis,Davis,,,4000,DEN@MIA,MIA,DEN,Q,Concussion,,,,WR/FLEX
94070-153957,TE,Zaire,Zaire Mitchell-Paden,Mitchell-Paden,,,4000,TEN@CLE,CLE,TEN,,,,,,TE/FLEX
94070-63851,TE,Tyree,Tyree Jackson,Jackson,,,4000,NYG@SF,NYG,SF,,,,,,TE/FLEX
94070-90483,TE,Bernhard,Bernhard Raimann,Raimann,,,4000,IND@BAL,IND,BAL,,,,,,TE/FLEX
94070-90487,WR,Kalil,Kalil Pimpleton,Pimpleton,,,4000,NYG@SF,NYG,SF,,,,,,WR/FLEX
94070-45439,WR,Corey,Corey Davis,Davis,6.276922959547776,13,4000,NE@NYJ,NYJ,NE,IR,Personal,,,,WR/FLEX
94070-156039,WR,Shae,Shae Wyatt,Wyatt,,,4000,NYG@SF,SF,NYG,,,,,,WR/FLEX
94070-70023,WR,Cornell,Cornell Powell,Powell,,,4000,CHI@KC,KC,CHI,,,,,,WR/FLEX
94070-94600,WR,John,John Stephens Jr.,Stephens Jr.,,,4000,DAL@ARI,DAL,ARI,IR,Knee - acl,,,,WR/FLEX
94070-88463,WR,Johnny,Johnny Johnson III,Johnson III,,,4000,HOU@JAC,HOU,JAC,,,,,,WR/FLEX
94070-55694,WR,Mike,Mike Thomas,Thomas,1.7000000476837158,4,4000,IND@BAL,BAL,IND,Q,Shoulder - labrum,,,,WR/FLEX
94070-94606,WR,Taye,Taye Barber,Barber,,,4000,PHI@TB,TB,PHI,,,,,,WR/FLEX
94070-102802,WR,Makai,Makai Polk,Polk,,,4000,IND@BAL,BAL,IND,,,,,,WR/FLEX
94070-90518,WR,Slade,Slade Bolden,Bolden,,,4000,ATL@DET,ATL,DET,,,,,,WR/FLEX
94070-43416,WR,Trent,Trent Taylor,Taylor,0,1,4000,CHI@KC,CHI,KC,,,,,,WR/FLEX
94070-70043,TE,Cole,Cole Fotheringham,Fotheringham,,,4000,PIT@LV,LV,PIT,,,,,,TE/FLEX
94070-92573,TE,Travis,Travis Vokolek,Vokolek,,,4000,IND@BAL,BAL,IND,,,,,,TE/FLEX
94070-96673,WR,Garett,Garett Maag,Maag,,,4000,LAC@MIN,MIN,LAC,,,,,,WR/FLEX
94070-111012,WR,Kaylon,Kaylon Geiger Sr.,Geiger Sr.,,,4000,PHI@TB,TB,PHI,,,,,,WR/FLEX
94070-102831,TE,Davis,Davis Allen,Allen,,,4000,LAR@CIN,LAR,CIN,,,,,,TE/FLEX
94070-102836,WR,Joseph,Joseph Ngata,Ngata,,,4000,PHI@TB,PHI,TB,,,,,,WR/FLEX
94070-92606,WR,Bo,Bo Melton,Melton,,,4000,NO@GB,GB,NO,,,,,,WR/FLEX
94070-47551,TE,Mason,Mason Schreck,Schreck,0.800000011920929,2,4000,HOU@JAC,HOU,JAC,,,,,,TE/FLEX
94070-72133,WR,Antoine,Antoine Wesley,Wesley,,,4000,PIT@LV,LV,PIT,,,,,,WR/FLEX
94070-55750,WR,Chris,Chris Lacy,Lacy,,,4000,PIT@LV,LV,PIT,Q,Undisclosed,,,,WR/FLEX
94070-113096,WR,Xavier,Xavier Smith,Smith,,,4000,LAR@CIN,LAR,CIN,,,,,,WR/FLEX
94070-86472,WR,John,John Hightower,Hightower,,,4000,LAC@MIN,LAC,MIN,,,,,,WR/FLEX
94070-88525,WR,Kawaan,Kawaan Baker,Baker,,,4000,NO@GB,NO,GB,,,,,,WR/FLEX
94070-117201,WR,Isaiah,Isaiah Winstead,Winstead,,,4000,NYG@SF,SF,NYG,,,,,,WR/FLEX
94070-109008,WR,Jalen,Jalen Cropper,Cropper,,,4000,DAL@ARI,DAL,ARI,,,,,,WR/FLEX
94070-90583,WR,Tyrell,Tyrell Shavers,Shavers,,,4000,BUF@WAS,BUF,WAS,,,,,,WR/FLEX
94070-88536,WR,Cephus,Cephus Johnson III,Johnson III,,,4000,PHI@TB,TB,PHI,,,,,,WR/FLEX
94070-63967,WR,Lucky,Lucky Jackson,Jackson,,,4000,LAC@MIN,MIN,LAC,,,,,,WR/FLEX
94070-88547,WR,Jalen,Jalen Wayne,Wayne,,,4000,TEN@CLE,CLE,TEN,,,,,,WR/FLEX
94070-129508,WR,Duece,Duece Watts,Watts,,,4000,PIT@LV,PIT,LV,,,,,,WR/FLEX
94070-102893,RB,Tyrion,Tyrion Davis-Price,Davis-Price,1.9799999237060546,5,4000,NYG@SF,SF,NYG,,,,,,RB/FLEX
94070-41469,TE,Darrell,Darrell Daniels,Daniels,,,4000,ATL@DET,DET,ATL,,,,,,TE/FLEX
94070-92677,WR,Zavier,Zavier Scott,Scott,,,4000,IND@BAL,IND,BAL,Q,Knee - meniscus,,,,WR/FLEX
94070-90628,TE,Griffin,Griffin Hebert,Hebert,,,4000,CAR@SEA,SEA,CAR,,,,,,TE/FLEX
94070-154139,RB,Clint,Clint Ratkovich,Ratkovich,,,4000,ATL@DET,ATL,DET,,,,,,RB/FLEX
94070-160303,TE,Tucker,Tucker Kraft,Kraft,,,4000,NO@GB,GB,NO,,,,,,TE/FLEX
94070-14895,TE,Patrick,Patrick Scales,Scales,,,4000,CHI@KC,CHI,KC,,,,,,TE/FLEX
94070-70206,RB,Jason,Jason Huntley,Huntley,,,4000,IND@BAL,IND,BAL,,,,,,RB/FLEX
94070-86601,RB,SaRodorick,SaRodorick Thompson Jr.,Thompson Jr.,,,4000,CAR@SEA,SEA,CAR,,,,,,RB/FLEX
94070-102986,WR,Elijah,Elijah Higgins,Higgins,,,4000,DAL@ARI,ARI,DAL,,,,,,WR/FLEX
94070-86612,TE,Brayden,Brayden Willis,Willis,,,4000,NYG@SF,SF,NYG,,,,,,TE/FLEX
94070-55895,TE,Kendall,Kendall Blanton,Blanton,2.25,2,4000,CHI@KC,KC,CHI,,,,,,TE/FLEX
94070-64097,TE,La'Michael,La'Michael Pettway,Pettway,,,4000,IND@BAL,IND,BAL,Q,Undisclosed,,,,TE/FLEX
94070-186983,WR,Jadakis,Jadakis Bonds,Bonds,,,4000,NO@GB,GB,NO,,,,,,WR/FLEX
94070-86635,WR,Charleston,Charleston Rambo,Rambo,,,4000,PHI@TB,PHI,TB,Q,Undisclosed,,,,WR/FLEX
94070-66155,TE,Michael,Michael Jacobson,Jacobson,,,4000,NO@GB,NO,GB,,,,,,TE/FLEX
94070-186991,WR,Jerome,Jerome Kapp,Kapp,,,4000,NE@NYJ,NYJ,NE,,,,,,WR/FLEX
94070-139884,TE,Jordan,Jordan Murray,Murray,,,4000,IND@BAL,IND,BAL,,,,,,TE/FLEX
94070-88699,RB,Jaret,Jaret Patterson,Patterson,3.9000000953674316,2,4000,LAC@MIN,LAC,MIN,,,,,,RB/FLEX
94070-86657,RB,Kennedy,Kennedy Brooks,Brooks,,,4000,PHI@TB,PHI,TB,,,,,,RB/FLEX
94070-94864,RB,Jashaun,Jashaun Corbin,Corbin,,,4000,CAR@SEA,CAR,SEA,,,,,,RB/FLEX
94070-86678,TE,Ryan,Ryan Jones,Jones,,,4000,NYG@SF,NYG,SF,,,,,,TE/FLEX
94070-90778,TE,Derrick,Derrick Deese Jr.,Deese Jr.,,,4000,ATL@DET,DET,ATL,,,,,,TE/FLEX
94070-86682,TE,Grant,Grant Calcaterra,Calcaterra,2.1200000762939455,5,4000,PHI@TB,PHI,TB,,,,,,TE/FLEX
94070-86692,TE,Thomas,Thomas Odukoya,Odukoya,,,4000,TEN@CLE,TEN,CLE,,,,,,TE/FLEX
94070-103086,WR,Jadon,Jadon Haselwood,Haselwood,,,4000,PHI@TB,PHI,TB,,,,,,WR/FLEX
94070-96942,WR,Keelan,Keelan Doss,Doss,,,4000,LAC@MIN,LAC,MIN,,,,,,WR/FLEX
94070-64175,WR,Hakeem,Hakeem Butler,Butler,,,4000,PIT@LV,PIT,LV,Q,Undisclosed,,,,WR/FLEX
94070-88776,WR,Ty,Ty Fryfogle,Fryfogle,,,4000,CHI@KC,KC,CHI,,,,,,WR/FLEX
94070-53967,RB,Nick,Nick Bawden,Bawden,,,4000,NE@NYJ,NYJ,NE,,,,,,RB/FLEX
94070-88793,RB,Stevie,Stevie Scott,Scott,,,4000,DAL@ARI,ARI,DAL,,,,,,RB/FLEX
94070-86747,WR,Dylan,Dylan Drummond,Drummond,,,4000,ATL@DET,DET,ATL,,,,,,WR/FLEX
94070-90844,TE,Christian,Christian Trahan,Trahan,,,4000,LAR@CIN,CIN,LAR,,,,,,TE/FLEX
94070-64221,TE,Zach,Zach Gentry,Gentry,1.6214286259242467,14,4000,LAR@CIN,CIN,LAR,,,,,,TE/FLEX
94070-56041,RB,Khari,Khari Blasingame,Blasingame,0,1,4000,CHI@KC,CHI,KC,,,,,,RB/FLEX
94070-72427,WR,Kwamie,Kwamie Lassiter II,Lassiter II,,,4000,LAR@CIN,CIN,LAR,,,,,,WR/FLEX
94070-90861,RB,Derek,Derek Parish,Parish,,,4000,HOU@JAC,JAC,HOU,,,,,,RB/FLEX
94070-54010,RB,Brian,Brian Hill,Hill,,,4000,NYG@SF,SF,NYG,,,,,,RB/FLEX
94070-86781,WR,Terrell,Terrell Bynum,Bynum,,,4000,LAC@MIN,LAC,MIN,,,,,,WR/FLEX
94070-152320,RB,Tiyon,Tiyon Evans,Evans,,,4000,CAR@SEA,CAR,SEA,,,,,,RB/FLEX
94070-72453,WR,Denzel,Denzel Mims,Mims,2.677777820163303,9,4000,ATL@DET,DET,ATL,Q,Calf,,,,WR/FLEX
94070-174853,WR,Kody,Kody Case,Case,,,4000,IND@BAL,IND,BAL,,,,,,WR/FLEX
94070-86826,WR,Malachi,Malachi Carter,Carter,,,4000,LAR@CIN,CIN,LAR,,,,,,WR/FLEX
94070-72493,WR,Trishton,Trishton Jackson,Jackson,,,4000,LAC@MIN,MIN,LAC,,,,,,WR/FLEX
94070-86839,TE,Jack,Jack Coco,Coco,,,4000,DAL@ARI,ARI,DAL,,,,,,TE/FLEX
94070-174907,WR,Sy,Sy Barnett,Barnett,,,4000,NO@GB,NO,GB,,,,,,WR/FLEX
94070-92984,WR,Justin,Justin Marshall,Marshall,,,4000,CAR@SEA,SEA,CAR,,,,,,WR/FLEX
94070-158520,WR,Daylen,Daylen Baldwin,Baldwin,3.5,1,4000,TEN@CLE,CLE,TEN,Q,Hamstring,,,,WR/FLEX
94070-92990,RB,Hassan,Hassan Hall,Hall,,,4000,TEN@CLE,CLE,TEN,,,,,,RB/FLEX
94070-90952,WR,Kade,Kade Warner,Warner,,,4000,PHI@TB,TB,PHI,,,,,,WR/FLEX
94070-90955,WR,Tyjon,Tyjon Lindsey,Lindsey,,,4000,CAR@SEA,SEA,CAR,,,,,,WR/FLEX
94070-93002,RB,Calvin,Calvin Tyler Jr.,Tyler Jr.,,,4000,LAR@CIN,CIN,LAR,,,,,,RB/FLEX
94070-58189,TE,Mitchell,Mitchell Fraboni,Fraboni,,,4000,DEN@MIA,DEN,MIA,,,,,,TE/FLEX
94070-56142,WR,Juwann,Juwann Winfree,Winfree,0.7333333492279053,3,4000,IND@BAL,IND,BAL,,,,,,WR/FLEX
94070-88915,RB,Bryant,Bryant Koback,Koback,,,4000,PHI@TB,PHI,TB,,,,,,RB/FLEX
94070-64339,WR,Auden,Auden Tate,Tate,,,4000,DAL@ARI,ARI,DAL,,,,,,WR/FLEX
94070-93016,RB,B.J.,B.J. Baylor,Baylor,,,4000,ATL@DET,ATL,DET,,,,,,RB/FLEX
94070-93019,RB,Jack,Jack Colletto,Colletto,,,4000,NYG@SF,SF,NYG,,,,,,RB/FLEX
94070-90971,TE,Austin,Austin Allen,Allen,,,4000,NO@GB,GB,NO,,,,,,TE/FLEX
94070-66402,TE,Jack,Jack Driscoll,Driscoll,,,4000,PHI@TB,PHI,TB,,,,,,TE/FLEX
94070-86913,TE,Kris,Kris Leach,Leach,,,4000,DEN@MIA,DEN,MIA,,,,,,TE/FLEX
94070-91012,RB,Greg,Greg Bell,Bell,,,4000,PIT@LV,PIT,LV,,,,,,RB/FLEX
94070-23435,TE,Andrew,Andrew DePaola,DePaola,,,4000,LAC@MIN,MIN,LAC,,,,,,TE/FLEX
94070-45964,WR,Marcus,Marcus Kemp,Kemp,1.7999999523162842,1,4000,BUF@WAS,WAS,BUF,,,,,,WR/FLEX
94070-56212,TE,Tommy,Tommy Sweeney,Sweeney,1.2000000476837158,1,4000,NYG@SF,NYG,SF,IR,Undisclosed,,,,TE/FLEX
94070-64405,WR,Dan,Dan Chisena,Chisena,,,4000,PIT@LV,PIT,LV,,,,,,WR/FLEX
94070-64408,TE,Nick,Nick Bowers,Bowers,,,4000,DEN@MIA,MIA,DEN,,,,,,TE/FLEX
94070-88995,WR,Reggie,Reggie Roberson Jr.,Roberson Jr.,,,4000,TEN@CLE,TEN,CLE,,,,,,WR/FLEX
94070-91055,WR,Kevin,Kevin Austin Jr.,Austin Jr.,,,4000,HOU@JAC,JAC,HOU,,,,,,WR/FLEX
94070-187324,WR,Ed,Ed Lee,Lee,,,4000,NE@NYJ,NE,NYJ,,,,,,WR/FLEX
94070-89029,TE,Chris,Chris Pierce Jr.,Pierce Jr.,,,4000,DAL@ARI,ARI,DAL,,,,,,TE/FLEX
94070-43973,RB,Keith,Keith Smith,Smith,0.3,5,4000,ATL@DET,ATL,DET,,,,,,RB/FLEX
94070-91082,WR,Avery,Avery Davis,Davis,,,4000,ATL@DET,DET,ATL,,,,,,WR/FLEX
94070-41936,WR,Anthony,Anthony Miller,Miller,,,4000,NYG@SF,SF,NYG,,,,,,WR/FLEX
94070-72665,TE,Kenny,Kenny Yeboah,Yeboah,,,4000,NE@NYJ,NYJ,NE,IR,Hamstring,,,,TE/FLEX
94070-54239,TE,Matt,Matt Sokol,Sokol,,,4000,NE@NYJ,NE,NYJ,,,,,,TE/FLEX
94070-193538,RB,Aaron,Aaron Dykes,Dykes,,,4000,LAC@MIN,MIN,LAC,,,,,,RB/FLEX
94070-70680,WR,Jalen,Jalen Camp,Camp,1.2000000476837158,1,4000,HOU@JAC,HOU,JAC,,,,,,WR/FLEX
94070-56356,WR,Isaiah,Isaiah Ford,Ford,,,4000,CHI@KC,CHI,KC,Q,Undisclosed,,,,WR/FLEX
94070-154661,WR,Michael,Michael Bandy,Bandy,1.5444444020589192,9,4000,DEN@MIA,DEN,MIA,,,,,,WR/FLEX
94070-138277,WR,Jalen,Jalen Brooks,Brooks,,,4000,DAL@ARI,DAL,ARI,,,,,,WR/FLEX
94070-64575,RB,Derrick,Derrick Gore,Gore,,,4000,BUF@WAS,WAS,BUF,,,,,,RB/FLEX
94070-91207,WR,Keytaon,Keytaon Thompson,Thompson,,,4000,ATL@DET,DET,ATL,,,,,,WR/FLEX
94070-27721,WR,Justin,Justin Hardee Sr.,Hardee Sr.,0,1,4000,NE@NYJ,NYJ,NE,,,,,,WR/FLEX
94070-89167,WR,Gavin,Gavin Holmes,Holmes,,,4000,TEN@CLE,TEN,CLE,,,,,,WR/FLEX
94070-68686,WR,C.J.,C.J. Saunders,Saunders,,,4000,ATL@DET,ATL,DET,,,,,,WR/FLEX
94070-89172,RB,John,John Lovett,Lovett,,,4000,PIT@LV,PIT,LV,,,,,,RB/FLEX
94070-42077,TE,James,James Winchester,Winchester,,,4000,CHI@KC,KC,CHI,,,,,,TE/FLEX
94070-89185,TE,Ben,Ben Sims,Sims,,,4000,NO@GB,GB,NO,,,,,,TE/FLEX
94070-68708,TE,Seth,Seth Green,Green,,,4000,DAL@ARI,DAL,ARI,,,,,,TE/FLEX
94070-64627,WR,Scotty,Scotty Washington,Washington,,,4000,NE@NYJ,NE,NYJ,,,,,,WR/FLEX
94070-46200,TE,Daniel,Daniel Brunskill,Brunskill,,,4000,TEN@CLE,TEN,CLE,,,,,,TE/FLEX
94070-64634,WR,Alex,Alex Bachman,Bachman,,,4000,HOU@JAC,HOU,JAC,Q,Oblique,,,,WR/FLEX
94070-95370,TE,Ryan,Ryan Miller,Miller,,,4000,PHI@TB,TB,PHI,,,,,,TE/FLEX
94070-83086,WR,Daurice,Daurice Fountain,Fountain,,,4000,ATL@DET,DET,ATL,,,,,,WR/FLEX
94070-89243,WR,Tre'Shaun,Tre'Shaun Harrison,Harrison,,,4000,TEN@CLE,TEN,CLE,,,,,,WR/FLEX
94070-54426,TE,Andrew,Andrew Beck,Beck,0.20000000298023224,1,4000,HOU@JAC,HOU,JAC,,,,,,TE/FLEX
94070-72863,TE,Armani,Armani Rogers,Rogers,2.3,5,4000,BUF@WAS,WAS,BUF,IR,Achilles,,,,TE/FLEX
94070-89249,RB,Khalan,Khalan Laborn,Laborn,,,4000,NYG@SF,SF,NYG,,,,,,RB/FLEX
94070-83117,TE,Tanner,Tanner Hudson,Hudson,3.0333334604899087,6,4000,LAR@CIN,CIN,LAR,,,,,,TE/FLEX
94070-89265,TE,Camren,Camren McDonald,McDonald,,,4000,LAR@CIN,LAR,CIN,,,,,,TE/FLEX
94070-105648,RB,Tyler,Tyler Goodson,Goodson,,,4000,IND@BAL,IND,BAL,,,,,,RB/FLEX
94070-89270,WR,Pokey,Pokey Wilson,Wilson,,,4000,LAC@MIN,LAC,MIN,,,,,,WR/FLEX
94070-87233,WR,Bryan,Bryan Thompson,Thompson,,,4000,BUF@WAS,BUF,WAS,,,,,,WR/FLEX
94070-54472,WR,Cam,Cam Sims,Sims,1.0749999682108562,12,4000,NYG@SF,NYG,SF,,,,,,WR/FLEX
94070-167117,WR,Tyler,Tyler Hudson,Hudson,,,4000,LAR@CIN,LAR,CIN,,,,,,WR/FLEX
94070-70868,RB,Damarea,Damarea Crockett,Crockett,,,4000,NE@NYJ,NYJ,NE,,,,,,RB/FLEX
94070-91358,WR,Oliver,Oliver Martin,Martin,,,4000,HOU@JAC,JAC,HOU,,,,,,WR/FLEX
94070-70881,TE,Justin,Justin Rigg,Rigg,,,4000,TEN@CLE,TEN,CLE,,,,,,TE/FLEX
94070-68835,RB,CJ,CJ Marable,Marable,,,4000,NE@NYJ,NE,NYJ,,,,,,RB/FLEX
94070-130274,WR,Isaiah,Isaiah Coulter,Coulter,,,4000,BUF@WAS,BUF,WAS,,,,,,WR/FLEX
94070-130276,WR,Mason,Mason Kinsey,Kinsey,0.4000000059604645,2,4000,TEN@CLE,TEN,CLE,,,,,,WR/FLEX
94070-91373,TE,Joel,Joel Honigford,Honigford,,,4000,DAL@ARI,ARI,DAL,,,,,,TE/FLEX
94070-52463,TE,Daniel,Daniel Helm,Helm,,,4000,ATL@DET,DET,ATL,,,,,,TE/FLEX
94070-11512,TE,Jimmy,Jimmy Graham,Graham,,,4000,NO@GB,NO,GB,,,,,,TE/FLEX
94070-185593,WR,Andrei,Andrei Iosivas,Iosivas,,,4000,LAR@CIN,CIN,LAR,,,,,,WR/FLEX
94070-185599,WR,Colton,Colton Dowell,Dowell,,,4000,TEN@CLE,TEN,CLE,,,,,,WR/FLEX
94070-115971,WR,Shaq,Shaq Davis,Davis,,,4000,NO@GB,NO,GB,,,,,,WR/FLEX
94070-130309,WR,J.J.,J.J. Koski,Koski,,,4000,DEN@MIA,DEN,MIA,,,,,,WR/FLEX
94070-91401,WR,Ronnie,Ronnie Bell,Bell,,,4000,NYG@SF,SF,NYG,,,,,,WR/FLEX
94070-130317,WR,Juwan,Juwan Green,Green,,,4000,CHI@KC,KC,CHI,,,,,,WR/FLEX
94070-191760,RB,Toriano,Toriano Clinton,Clinton,,,4000,IND@BAL,IND,BAL,,,,,,RB/FLEX
94070-185627,WR,Jalen,Jalen Sample,Sample,,,4000,BUF@WAS,WAS,BUF,,,,,,WR/FLEX
94070-83226,TE,Kevin,Kevin Rader,Rader,,,4000,TEN@CLE,TEN,CLE,,,,,,TE/FLEX
94070-29985,WR,Jaydon,Jaydon Mickens,Mickens,,,4000,NYG@SF,NYG,SF,,,,,,WR/FLEX
94070-68901,RB,Gerrid,Gerrid Doaks,Doaks,,,4000,HOU@JAC,HOU,JAC,,,,,,RB/FLEX
94070-185639,WR,Keilahn,Keilahn Harris,Harris,,,4000,ATL@DET,ATL,DET,,,,,,WR/FLEX
94070-91428,WR,Tarik,Tarik Black,Black,,,4000,IND@BAL,BAL,IND,,,,,,WR/FLEX
94070-130343,WR,Jeff,Jeff Cotton Jr.,Cotton Jr.,,,4000,NO@GB,GB,NO,Q,Undisclosed,,,,WR/FLEX
94070-91431,RB,Ben,Ben Mason,Mason,,,4000,IND@BAL,BAL,IND,,,,,,RB/FLEX
94070-185646,WR,Zay,Zay Malone,Malone,,,4000,ATL@DET,ATL,DET,,,,,,WR/FLEX
94070-130350,WR,Jaylon,Jaylon Moore,Moore,,,4000,HOU@JAC,JAC,HOU,,,,,,WR/FLEX
94070-185660,WR,Malik,Malik Flowers,Flowers,,,4000,CAR@SEA,SEA,CAR,,,,,,WR/FLEX
94070-64833,TE,Alize,Alize Mack,Mack,,,4000,TEN@CLE,TEN,CLE,Q,Undisclosed,,,,TE/FLEX
94070-56648,RB,Jeremy,Jeremy McNichols,McNichols,,,4000,NYG@SF,SF,NYG,Q,Hamstring,,,,RB/FLEX
94070-64843,WR,Jalen,Jalen Guyton,Guyton,3.700000047683716,2,4000,LAC@MIN,LAC,MIN,NA,Knee - acl,,,,WR/FLEX
94070-73046,WR,Tre,Tre Nixon,Nixon,,,4000,NE@NYJ,NE,NYJ,IR,Shoulder,,,,WR/FLEX
94070-91481,WR,Nikko,Nikko Remigio,Remigio,,,4000,CHI@KC,KC,CHI,IR,Wrist,,,,WR/FLEX
94070-89437,WR,Tim,Tim Jones,Jones,1.125,4,4000,HOU@JAC,JAC,HOU,,,,,,WR/FLEX
94070-91488,RB,Chris,Chris Brooks,Brooks,,,4000,DEN@MIA,MIA,DEN,,,,,,RB/FLEX
94070-25957,TE,J.P.,J.P. Holtz,Holtz,,,4000,NO@GB,NO,GB,,,,,,TE/FLEX
94070-68975,TE,Josh,Josh Pederson,Pederson,,,4000,HOU@JAC,JAC,HOU,,,,,,TE/FLEX
94070-91504,WR,Blake,Blake Proehl,Proehl,,,4000,LAC@MIN,MIN,LAC,,,,,,WR/FLEX
94070-60791,TE,Tommy,Tommy Hudson,Hudson,,,4000,NO@GB,NO,GB,,,,,,TE/FLEX
94070-73089,TE,Devin,Devin Asiasi,Asiasi,0.375,4,4000,LAR@CIN,CIN,LAR,,,,,,TE/FLEX
94070-73088,WR,Kekoa,Kekoa Crawford,Crawford,,,4000,CHI@KC,KC,CHI,Q,Undisclosed,,,,WR/FLEX
94070-185728,TE,Patrick,Patrick Murtagh,Murtagh,,,4000,ATL@DET,DET,ATL,,,,,,TE/FLEX
94070-93577,WR,Dazz,Dazz Newsome,Newsome,,,4000,NYG@SF,SF,NYG,,,,,,WR/FLEX
94070-185742,WR,Braxton,Braxton Westfield,Westfield,,,4000,IND@BAL,IND,BAL,,,,,,WR/FLEX
94070-185743,RB,Darius,Darius Hagans,Hagans,,,4000,PIT@LV,PIT,LV,,,,,,RB/FLEX
94070-185747,WR,Cody,Cody Chrest,Chrest,,,4000,NO@GB,GB,NO,,,,,,WR/FLEX
94070-185744,WR,Johnny,Johnny King,King,,,4000,PHI@TB,PHI,TB,,,,,,WR/FLEX
94070-87442,TE,Princeton,Princeton Fant,Fant,,,4000,DAL@ARI,DAL,ARI,,,,,,TE/FLEX
94070-93592,WR,Sam,Sam James,James,,,4000,LAR@CIN,LAR,CIN,,,,,,WR/FLEX
94070-185753,WR,T.J.,T.J. Luther,Luther,,,4000,NE@NYJ,NE,NYJ,,,,,,WR/FLEX
94070-64926,WR,Michael,Michael Jacquet III,Jacquet III,,,4000,LAC@MIN,LAC,MIN,,,,,,WR/FLEX
94070-93600,WR,Bryce,Bryce Ford-Wheaton,Ford-Wheaton,,,4000,NYG@SF,NYG,SF,IR,Knee,,,,WR/FLEX
94070-44449,WR,Willie,Willie Snead IV,Snead IV,,,4000,NYG@SF,SF,NYG,,,,,,WR/FLEX
94070-185775,TE,Brian,Brian Walker,Walker,,,4000,IND@BAL,BAL,IND,,,,,,TE/FLEX
94070-40365,WR,Devon,Devon Allen,Allen,,,4000,PHI@TB,PHI,TB,,,,,,WR/FLEX
94070-87473,WR,Braydon,Braydon Johnson,Johnson,,,4000,BUF@WAS,BUF,WAS,,,,,,WR/FLEX
94070-60849,WR,Blake,Blake Lynch,Lynch,,,4000,LAC@MIN,LAC,MIN,Q,Undisclosed,,,,WR/FLEX
94070-185777,TE,Damien,Damien Caffrey,Caffrey,,,4000,CHI@KC,CHI,KC,,,,,,TE/FLEX
94070-185782,WR,Thyrick,Thyrick Pitts,Pitts,,,4000,NE@NYJ,NE,NYJ,,,,,,WR/FLEX
94070-64949,WR,Ja'Marcus,Ja'Marcus Bradley,Bradley,,,4000,PIT@LV,PIT,LV,Q,Undisclosed,,,,WR/FLEX
94070-73147,TE,Nick,Nick Eubanks,Eubanks,,,4000,IND@BAL,IND,BAL,,,,,,TE/FLEX
94070-69056,WR,Mathew,Mathew Sexton,Sexton,,,4000,ATL@DET,ATL,DET,,,,,,WR/FLEX
94070-185792,WR,Tyler,Tyler Adams,Adams,,,4000,IND@BAL,IND,BAL,,,,,,WR/FLEX
94070-26057,RB,Michael,Michael Burton,Burton,0.550000011920929,2,4000,DEN@MIA,DEN,MIA,,,,,,RB/FLEX
94070-112088,RB,Jerrion,Jerrion Ealy,Ealy,,,4000,CHI@KC,KC,CHI,,,,,,RB/FLEX
94070-54746,TE,Tyler,Tyler Ott,Ott,,,4000,IND@BAL,BAL,IND,,,,,,TE/FLEX
94070-185822,TE,Thomas,Thomas Greaney,Greaney,,,4000,TEN@CLE,CLE,TEN,,,,,,TE/FLEX
94070-103901,WR,Davion,Davion Davis,Davis,,,4000,DAL@ARI,ARI,DAL,,,,,,WR/FLEX
94070-103900,TE,Brandon,Brandon Dillon,Dillon,,,4000,BUF@WAS,WAS,BUF,IR,Undisclosed,,,,TE/FLEX
94070-91612,WR,Matt,Matt Landers,Landers,,,4000,CAR@SEA,SEA,CAR,,,,,,WR/FLEX
94070-185827,RB,Jacob,Jacob Saylors,Saylors,,,4000,LAR@CIN,CIN,LAR,,,,,,RB/FLEX
94070-91618,TE,John,John FitzPatrick,FitzPatrick,,,4000,ATL@DET,ATL,DET,,,,,,TE/FLEX
94070-112101,WR,Jared,Jared Wayne,Wayne,,,4000,HOU@JAC,HOU,JAC,,,,,,WR/FLEX
94070-91635,WR,Kearis,Kearis Jackson,Jackson,0,2,4000,TEN@CLE,TEN,CLE,,,,,,WR/FLEX
94070-40434,WR,Greg,Greg Ward,Ward,,,4000,PHI@TB,PHI,TB,,,,,,WR/FLEX
94070-89586,TE,Tucker,Tucker Fisk,Fisk,,,4000,ATL@DET,ATL,DET,,,,,,TE/FLEX
94070-185850,TE,Julian,Julian Hill,Hill,,,4000,DEN@MIA,MIA,DEN,Q,Ankle,,,,TE/FLEX
94070-103930,WR,Derek,Derek Wright,Wright,,,4000,CAR@SEA,CAR,SEA,,,,,,WR/FLEX
94070-185854,WR,Dallas,Dallas Daniels,Daniels,,,4000,DEN@MIA,DEN,MIA,,,,,,WR/FLEX
94070-114177,WR,Milton,Milton Wright,Wright,,,4000,LAC@MIN,LAC,MIN,Q,Undisclosed,,,,WR/FLEX
94070-185856,WR,Taylor,Taylor Grimes,Grimes,,,4000,DEN@MIA,DEN,MIA,,,,,,WR/FLEX
94070-128515,RB,Ellis,Ellis Merriweather,Merriweather,,,4000,NO@GB,NO,GB,,,,,,RB/FLEX
94070-185862,WR,David,David Durden,Durden,,,4000,DAL@ARI,DAL,ARI,IR,Knee - acl,,,,WR/FLEX
94070-185863,RB,Hunter,Hunter Luepke,Luepke,0,1,4000,DAL@ARI,DAL,ARI,,,,,,RB/FLEX
94070-103943,WR,Trinity,Trinity Benson,Benson,,,4000,ATL@DET,DET,ATL,,,,,,WR/FLEX
94070-89613,WR,Simi,Simi Fehoko,Fehoko,1.9500000476837158,2,4000,PIT@LV,PIT,LV,,,,,,WR/FLEX
94070-185875,TE,Noah,Noah Gindorff,Gindorff,,,4000,CAR@SEA,SEA,CAR,,,,,,TE/FLEX
94070-62994,WR,Steven,Steven Sims Jr.,Sims Jr.,2.0333333015441895,12,4000,HOU@JAC,HOU,JAC,,,,,,WR/FLEX
94070-62998,TE,Jace,Jace Sternberger,Sternberger,,,4000,BUF@WAS,BUF,WAS,,,,,,TE/FLEX
94070-89627,WR,Brycen,Brycen Tremayne,Tremayne,,,4000,BUF@WAS,WAS,BUF,,,,,,WR/FLEX
94070-91677,WR,Shi,Shi Smith,Smith,3.1624999046325684,16,4000,CAR@SEA,CAR,SEA,,,,,,WR/FLEX
94070-185887,RB,Ronnie,Ronnie Brown,Brown,,,4000,PHI@TB,TB,PHI,,,,,,RB/FLEX
94070-185884,WR,John,John Hall,Hall,,,4000,CAR@SEA,SEA,CAR,,,,,,WR/FLEX
94070-91679,WR,Josh,Josh Vann,Vann,,,4000,CAR@SEA,CAR,SEA,,,,,,WR/FLEX
94070-54817,WR,Diontae,Diontae Spencer,Spencer,,,4000,NE@NYJ,NYJ,NE,Q,Undisclosed,,,,WR/FLEX
94070-185889,TE,Tanner,Tanner Taula,Taula,,,4000,PHI@TB,TB,PHI,,,,,,TE/FLEX
94070-185893,RB,Alfonzo,Alfonzo Graham,Graham,,,4000,PIT@LV,PIT,LV,IR,Undisclosed,,,,RB/FLEX
94070-185907,RB,Zach,Zach Ojile,Ojile,,,4000,LAC@MIN,MIN,LAC,,,,,,RB/FLEX
94070-69173,TE,Hunter,Hunter Kampmoyer,Kampmoyer,,,4000,LAC@MIN,LAC,MIN,,,,,,TE/FLEX
94070-60981,TE,Charlie,Charlie Heck,Heck,,,4000,HOU@JAC,HOU,JAC,NA,Foot,,,,TE/FLEX
94070-173626,TE,Nate,Nate Adkins,Adkins,,,4000,DEN@MIA,DEN,MIA,,,,,,TE/FLEX
94070-60984,TE,Jake,Jake Bargas,Bargas,,,4000,NO@GB,NO,GB,,,,,,TE/FLEX
94070-89656,WR,Aron,Aron Cruickshank,Cruickshank,,,4000,PIT@LV,PIT,LV,,,,,,WR/FLEX
94070-71228,WR,Marquez,Marquez Stevenson,Stevenson,,,4000,CAR@SEA,CAR,SEA,Q,Undisclosed,,,,WR/FLEX
94070-30272,TE,Colin,Colin Thompson,Thompson,,,4000,LAC@MIN,MIN,LAC,,,,,,TE/FLEX
94070-104008,TE,Stephen,Stephen Carlson,Carlson,,,4000,CHI@KC,CHI,KC,,,,,,TE/FLEX
94070-104012,WR,Ashton,Ashton Dulin,Dulin,5,7,4000,IND@BAL,IND,BAL,IR,Knee - acl,,,,WR/FLEX
94070-104019,TE,Matt,Matt Orzech,Orzech,,,4000,NO@GB,GB,NO,,,,,,TE/FLEX
94070-87634,TE,Blake,Blake Whiteheart,Whiteheart,,,4000,DAL@ARI,ARI,DAL,,,,,,TE/FLEX
94070-63061,WR,Gary,Gary Jennings,Jennings,,,4000,CAR@SEA,CAR,SEA,,,,,,WR/FLEX
94070-104025,RB,John,John Lovett,Lovett,,,4000,DEN@MIA,MIA,DEN,Q,Undisclosed,,,,RB/FLEX
94070-95854,WR,Montrell,Montrell Washington,Washington,0.21333333651224773,15,4000,CHI@KC,KC,CHI,,,,,,WR/FLEX
94070-61042,WR,Kendall,Kendall Hinton,Hinton,4.0363637750799,11,4000,DEN@MIA,DEN,MIA,,,,,,WR/FLEX
94070-87668,WR,Shedrick,Shedrick Jackson,Jackson,,,4000,LAR@CIN,CIN,LAR,,,,,,WR/FLEX
94070-104054,RB,Sincere,Sincere McCormick,McCormick,,,4000,PIT@LV,LV,PIT,,,,,,RB/FLEX
94070-93824,WR,Easop,Easop Winston Jr.,Winston Jr.,,,4000,CAR@SEA,SEA,CAR,,,,,,WR/FLEX
94070-87690,TE,Sal,Sal Cannella,Cannella,,,4000,CAR@SEA,SEA,CAR,,,,,,TE/FLEX
94070-93845,WR,Tay,Tay Martin,Martin,,,4000,NYG@SF,SF,NYG,,,,,,WR/FLEX
94070-93853,WR,Thayer,Thayer Thomas,Thomas,,,4000,LAC@MIN,MIN,LAC,,,,,,WR/FLEX
94070-87711,TE,John Samuel,John Samuel Shenker,Shenker,,,4000,PIT@LV,LV,PIT,,,,,,TE/FLEX
94070-52902,WR,Trey,Trey Quinn,Quinn,,,4000,ATL@DET,DET,ATL,Q,Undisclosed,,,,WR/FLEX
94070-104102,TE,Leroy,Leroy Watson IV,Watson IV,,,4000,NYG@SF,SF,NYG,,,,,,TE/FLEX
94070-91823,RB,Ronald,Ronald Awatt,Awatt,,,4000,NYG@SF,SF,NYG,,,,,,RB/FLEX
94070-7856,WR,Matthew,Matthew Slater,Slater,,,4000,NE@NYJ,NE,NYJ,,,,,,WR/FLEX
94070-87731,WR,Dominique,Dominique Robinson,Robinson,,,4000,CHI@KC,CHI,KC,,,,,,WR/FLEX
94070-104124,WR,Darrius,Darrius Shepherd,Shepherd,,,4000,LAC@MIN,LAC,MIN,Q,Undisclosed,,,,WR/FLEX
94070-71359,WR,Javon,Javon Wims,Wims,,,4000,CAR@SEA,CAR,SEA,,,,,,WR/FLEX
94070-69310,WR,Josh,Josh Hammond,Hammond,,,4000,DEN@MIA,DEN,MIA,,,,,,WR/FLEX
94070-71372,WR,Tyrie,Tyrie Cleveland,Cleveland,1.2666666507720947,3,4000,PHI@TB,PHI,TB,Q,Concussion,,,,WR/FLEX
94070-65231,RB,Adam,Adam Prentice,Prentice,0.6599999904632569,5,4000,NO@GB,NO,GB,,,,,,RB/FLEX
94070-63189,TE,Hunter,Hunter Thedford,Thedford,,,4000,TEN@CLE,CLE,TEN,,,,,,TE/FLEX
94070-89814,TE,Gerrit,Gerrit Prince,Prince,,,4000,CHI@KC,KC,CHI,,,,,,TE/FLEX
94070-85720,WR,Jaray,Jaray Jenkins,Jenkins,,,4000,HOU@JAC,JAC,HOU,Q,Undisclosed,,,,WR/FLEX
94070-71386,TE,Jordan,Jordan Thomas,Thomas,,,4000,CAR@SEA,CAR,SEA,,,,,,TE/FLEX
94070-147168,WR,Chris,Chris Blair,Blair,,,4000,ATL@DET,ATL,DET,Q,Undisclosed,,,,WR/FLEX
94070-91875,TE,Michael,Michael Ezeike,Ezeike,,,4000,LAC@MIN,LAC,MIN,,,,,,TE/FLEX
94070-87787,RB,J.K.,J.K. Dobbins,Dobbins,10.699999809265137,1,4000,IND@BAL,BAL,IND,IR,Achilles,,,,RB/FLEX
94070-91897,WR,Ethan,Ethan Fernea,Fernea,,,4000,IND@BAL,IND,BAL,Q,Undisclosed,,,,WR/FLEX
94070-85759,TE,Curtis,Curtis Hodges,Hodges,,,4000,BUF@WAS,WAS,BUF,,,,,,TE/FLEX
94070-57091,WR,Tim,Tim Patrick,Patrick,,,4000,DEN@MIA,DEN,MIA,IR,Achilles,,,,WR/FLEX
94070-91912,WR,Chase,Chase Cota,Cota,,,4000,ATL@DET,DET,ATL,Q,Undisclosed,,,,WR/FLEX
94070-91923,WR,Kazmeir,Kazmeir Allen,Allen,,,4000,BUF@WAS,WAS,BUF,,,,,,WR/FLEX
94070-40726,RB,Godwin,Godwin Igwebuike,Igwebuike,0.20000000794728598,6,4000,PIT@LV,PIT,LV,,,,,,RB/FLEX
94070-114465,TE,Christian,Christian Sims,Sims,,,4000,LAR@CIN,LAR,CIN,,,,,,TE/FLEX
94070-71459,RB,Brittain,Brittain Brown,Brown,,,4000,PIT@LV,LV,PIT,IR,Undisclosed,,,,RB/FLEX
94070-87844,TE,Brady,Brady Russell,Russell,,,4000,CAR@SEA,SEA,CAR,,,,,,TE/FLEX
94070-40746,TE,Troy,Troy Fumagalli,Fumagalli,,,4000,NYG@SF,SF,NYG,,,,,,TE/FLEX
94070-91960,WR,Chris,Chris Coleman,Coleman,,,4000,DEN@MIA,MIA,DEN,,,,,,WR/FLEX
94070-87882,WR,Daniel,Daniel Arias,Arias,,,4000,DAL@ARI,ARI,DAL,,,,,,WR/FLEX
94070-73551,WR,Stantley,Stantley Thomas-Oliver III,Thomas-Oliver III,,,4000,CAR@SEA,CAR,SEA,O,Hamstring,,,,WR/FLEX
94070-91989,RB,Jordan,Jordan Mims,Mims,,,4000,NO@GB,NO,GB,,,,,,RB/FLEX
94070-63321,TE,Rashod,Rashod Berry,Berry,,,4000,IND@BAL,IND,BAL,IR,Suspension,,,,TE/FLEX
94070-104289,WR,Malik,Malik Taylor,Taylor,,,4000,NE@NYJ,NYJ,NE,,,,,,WR/FLEX
94070-169834,WR,Dareke,Dareke Young,Young,2.5,2,4000,CAR@SEA,SEA,CAR,IR,Groin,,,,WR/FLEX
94070-57208,WR,KeeSean,KeeSean Johnson,Johnson,,,4000,BUF@WAS,BUF,WAS,,,,,,WR/FLEX
94070-63360,WR,Antonio,Antonio Callaway,Callaway,,,4000,DAL@ARI,DAL,ARI,,,,,,WR/FLEX
94070-89997,WR,Michael,Michael Woods II,Woods II,1.0833333333333333,6,4000,TEN@CLE,CLE,TEN,IR,Achilles,,,,WR/FLEX
94070-69516,TE,Miller,Miller Forristall,Forristall,0,1,4000,LAR@CIN,LAR,CIN,,,,,,TE/FLEX
94070-128912,WR,Mitchell,Mitchell Tinsley,Tinsley,,,4000,BUF@WAS,WAS,BUF,,,,,,WR/FLEX
94070-94099,RB,Robert,Robert Burns,Burns,,,4000,CHI@KC,CHI,KC,,,,,,RB/FLEX
94070-141201,WR,Raleigh,Raleigh Webb,Webb,,,4000,DEN@MIA,MIA,DEN,,,,,,WR/FLEX
94070-87961,RB,Wayne,Wayne Taulapapa,Taulapapa,,,4000,CAR@SEA,SEA,CAR,,,,,,RB/FLEX
94070-92056,TE,Cal,Cal Adomitis,Adomitis,,,4000,LAR@CIN,CIN,LAR,,,,,,TE/FLEX
94070-28570,TE,Nick,Nick Vannett,Vannett,1.7,5,4000,LAC@MIN,LAC,MIN,,,,,,TE/FLEX
94070-94118,WR,Mike,Mike Harley Jr.,Harley Jr.,,,4000,TEN@CLE,CLE,TEN,,,,,,WR/FLEX
94070-34729,RB,Dwayne,Dwayne Washington,Washington,1,5,4000,DEN@MIA,DEN,MIA,,,,,,RB/FLEX
94070-85932,RB,Isaiah,Isaiah Bowser,Bowser,,,4000,BUF@WAS,BUF,WAS,,,,,,RB/FLEX
94070-85944,WR,Kyric,Kyric McGowan,McGowan,,,4000,BUF@WAS,WAS,BUF,Q,Undisclosed,,,,WR/FLEX
94070-92093,WR,Jaelon,Jaelon Darden,Darden,0.2923076886397142,13,4000,TEN@CLE,CLE,TEN,,,,,,WR/FLEX
94070-169937,WR,Lance,Lance McCutcheon,McCutcheon,0,2,4000,HOU@JAC,HOU,JAC,,,,,,WR/FLEX
94070-96224,TE,Lachlan,Lachlan Pitts,Pitts,,,4000,CHI@KC,CHI,KC,,,,,,TE/FLEX
94070-85994,TE,Dalton,Dalton Keene,Keene,,,4000,HOU@JAC,HOU,JAC,,,,,,TE/FLEX
94070-71661,WR,Tino,Tino Ellis,Ellis,,,4000,DEN@MIA,MIA,DEN,Q,Undisclosed,,,,WR/FLEX
94070-71662,WR,DJ,DJ Turner,Turner,0.8666666348775228,3,4000,PIT@LV,LV,PIT,Q,Undisclosed,,,,WR/FLEX
94070-14319,RB,Taiwan,Taiwan Jones,Jones,-1,2,4000,NYG@SF,NYG,SF,,,,,,RB/FLEX
94070-96254,TE,Nick,Nick Muse,Muse,,,4000,LAC@MIN,MIN,LAC,,,,,,TE/FLEX
94070-12539,D,Miami,Miami Dolphins,Dolphins,5.5,2,3900,DEN@MIA,MIA,DEN,,,,,,DEF
94070-12544,D,New York,New York Jets,Jets,10,2,3900,NE@NYJ,NYJ,NE,,,,,,DEF
94070-12534,D,Tennessee,Tennessee Titans,Titans,6,2,3800,TEN@CLE,TEN,CLE,,,,,,DEF
94070-12535,D,Indianapolis,Indianapolis Colts,Colts,10,2,3800,IND@BAL,IND,BAL,,,,,,DEF
94070-12525,D,Atlanta,Atlanta Falcons,Falcons,6.5,2,3700,ATL@DET,ATL,DET,,,,,,DEF
94070-12528,D,Cincinnati,Cincinnati Bengals,Bengals,6.5,2,3700,LAR@CIN,CIN,LAR,,,,,,DEF
94070-12548,D,Los Angeles,Los Angeles Chargers,Chargers,2.5,2,3600,LAC@MIN,LAC,MIN,,,,,,DEF
94070-12551,D,Tampa Bay,Tampa Bay Buccaneers,Buccaneers,13,2,3600,PHI@TB,TB,PHI,,,,,,DEF
94070-12538,D,Los Angeles,Los Angeles Rams,Rams,3,2,3500,LAR@CIN,LAR,CIN,,,,,,DEF
94070-12553,D,Carolina,Carolina Panthers,Panthers,5.5,2,3500,CAR@SEA,CAR,SEA,,,,,,DEF
94070-12531,D,Denver,Denver Broncos,Broncos,1.5,2,3400,DEN@MIA,DEN,MIA,,,,,,DEF
94070-12537,D,Las Vegas,Las Vegas Raiders,Raiders,0.5,2,3400,PIT@LV,LV,PIT,,,,,,DEF
94070-12540,D,Minnesota,Minnesota Vikings,Vikings,3.5,2,3300,LAC@MIN,MIN,LAC,,,,,,DEF
94070-12543,D,New York,New York Giants,Giants,-1,2,3300,NYG@SF,NYG,SF,,,,,,DEF
94070-12556,D,Houston,Houston Texans,Texans,3.5,2,3200,HOU@JAC,HOU,JAC,,,,,,DEF
94070-12546,D,Arizona,Arizona Cardinals,Cardinals,11.5,2,3100,DAL@ARI,ARI,DAL,,,,,,DEF
94070-12527,D,Chicago,Chicago Bears,Bears,1,2,3000,CHI@KC,CHI,KC,,,,,,DEF