Id,Position,First Name,Nickname,Last Name,FPPG,Played,Salary,Game,Team,Opponent,Injury Indicator,Injury Details,Tier,,,Roster Position
94505-53681,WR,Tyreek,Tyreek Hill,Hill,21.600000381469727,4,9400,NYG@MIA,MIA,NYG,,,,,,WR/FLEX
94505-57439,QB,Patrick,Patrick Mahomes,Mahomes,20.90999984741211,4,9200,KC@MIN,KC,MIN,,,,,,QB
94505-85671,WR,Justin,Justin Jefferson,Jefferson,21.700000762939453,4,9200,KC@MIN,MIN,KC,,,,,,WR/FLEX
94505-39280,RB,Derrick,Derrick Henry,Henry,13.944999694824219,4,9000,TEN@IND,TEN,IND,,,,,,RB/FLEX
94505-64401,RB,Saquon,Saquon Barkley,Barkley,16,2,8800,NYG@MIA,NYG,MIA,Q,Ankle,,,,RB/FLEX
94505-33076,TE,Travis,Travis Kelce,Kelce,12,3,8789,KC@MIN,KC,MIN,,,,,,TE/FLEX
94505-85701,WR,Ja'Marr,Ja'Marr Chase,Chase,10.774999618530273,4,8700,CIN@ARI,CIN,ARI,,,,,,WR/FLEX
94505-69531,QB,Jalen,Jalen Hurts,Hurts,21.190000534057617,4,8600,PHI@LAR,PHI,LAR,,,,,,QB
94505-79970,WR,Cooper,Cooper Kupp,Kupp,18.211110432942707,9,8500,PHI@LAR,LAR,PHI,,,,,,WR/FLEX
94505-73273,RB,David,David Montgomery,Montgomery,19.46666717529297,3,8500,CAR@DET,DET,CAR,,,,,,RB/FLEX
94505-63115,QB,Lamar,Lamar Jackson,Jackson,21.690000534057617,4,8400,BAL@PIT,BAL,PIT,,,,,,QB
94505-129315,QB,Anthony,Anthony Richardson,Richardson,23.08666737874349,3,8300,TEN@IND,IND,TEN,,,,,,QB
94505-72846,WR,A.J.,A.J. Brown,Brown,16.975000381469727,4,8200,PHI@LAR,PHI,LAR,,,,,,WR/FLEX
94505-136855,RB,Bijan,Bijan Robinson,Robinson,15.175000190734863,4,8200,HOU@ATL,ATL,HOU,,,,,,RB/FLEX
94505-28744,RB,Raheem,Raheem Mostert,Mostert,20.725000381469727,4,8000,NYG@MIA,MIA,NYG,,,,,,RB/FLEX
94505-90572,QB,Tua,Tua Tagovailoa,Tagovailoa,21.184999465942383,4,8000,NYG@MIA,MIA,NYG,,,,,,QB
94505-103020,WR,Puka,Puka Nacua,Nacua,19,4,8000,PHI@LAR,LAR,PHI,,,,,,WR/FLEX
94505-104433,RB,Kyren,Kyren Williams,Williams,19.024999618530273,4,7800,PHI@LAR,LAR,PHI,,,,,,RB/FLEX
94505-91598,RB,D'Andre,D'Andre Swift,Swift,14.149999618530273,4,7700,PHI@LAR,PHI,LAR,,,,,,RB/FLEX
94505-86997,WR,Amon-Ra,Amon-Ra St. Brown,St. Brown,14.125,4,7700,CAR@DET,DET,CAR,D,Abdomen,,,,WR/FLEX
94505-52436,TE,Mark,Mark Andrews,Andrews,13.666666666666666,3,7600,BAL@PIT,BAL,PIT,,,,,,TE/FLEX
94505-22038,QB,Kirk,Kirk Cousins,Cousins,21.065000534057617,4,7600,KC@MIN,MIN,KC,,,,,,QB
94505-63519,QB,Daniel,Daniel Jones,Jones,13.475000381469727,4,7500,NYG@MIA,NYG,MIA,,,,,,QB
94505-90576,WR,DeVonta,DeVonta Smith,Smith,12.850000381469727,4,7500,PHI@LAR,PHI,LAR,,,,,,WR/FLEX
94505-138820,RB,De'Von,De'Von Achane,Achane,25.399998982747395,3,7500,NYG@MIA,MIA,NYG,,,,,,RB/FLEX
94505-103564,WR,Garrett,Garrett Wilson,Wilson,11.25,4,7400,NYJ@DEN,NYJ,DEN,,,,,,WR/FLEX
94505-38435,QB,Jared,Jared Goff,Goff,17.34000015258789,4,7400,CAR@DET,DET,CAR,,,,,,QB
94505-89675,RB,Jonathan,Jonathan Taylor,Taylor,12.03636308149858,11,7400,TEN@IND,IND,TEN,,,,,,RB/FLEX
94505-22015,QB,Russell,Russell Wilson,Wilson,19.889999389648438,4,7300,NYJ@DEN,DEN,NYJ,,,,,,QB
94505-129471,QB,C.J.,C.J. Stroud,Stroud,18.520000457763672,4,7200,HOU@ATL,HOU,ATL,,,,,,QB
94505-42104,RB,Alvin,Alvin Kamara,Kamara,14.899999618530273,1,7100,NO@NE,NO,NE,,,,,,RB/FLEX
94505-87770,WR,Chris,Chris Olave,Olave,10.524999618530273,4,7100,NO@NE,NO,NE,,,,,,WR/FLEX
94505-52442,RB,Joe,Joe Mixon,Mixon,10.475000381469727,4,7000,CIN@ARI,CIN,ARI,,,,,,RB/FLEX
94505-91419,WR,Nico,Nico Collins,Collins,17.950000762939453,4,7000,HOU@ATL,HOU,ATL,,,,,,WR/FLEX
94505-63336,QB,Joe,Joe Burrow,Burrow,8.354999542236328,4,7000,CIN@ARI,CIN,ARI,,,,,,QB
94505-89981,WR,Tee,Tee Higgins,Higgins,7.724999904632568,4,7000,CIN@ARI,CIN,ARI,Q,Ribs,,,,WR/FLEX
94505-57403,WR,Courtland,Courtland Sutton,Sutton,11.399999618530273,4,6900,NYJ@DEN,DEN,NYJ,,,,,,WR/FLEX
94505-71706,TE,T.J.,T.J. Hockenson,Hockenson,10.699999809265137,4,6800,KC@MIN,MIN,KC,,,,,,TE/FLEX
94505-90573,WR,Jaylen,Jaylen Waddle,Waddle,8.933333079020182,3,6800,NYG@MIA,MIA,NYG,,,,,,WR/FLEX
94505-6654,QB,Matthew,Matthew Stafford,Stafford,15.265000343322754,4,6800,PHI@LAR,LAR,PHI,,,,,,QB
94505-90406,QB,Zach,Zach Wilson,Wilson,11.545000076293945,4,6700,NYJ@DEN,NYJ,DEN,,,,,,QB
94505-39716,WR,Adam,Adam Thielen,Thielen,14.199999809265137,4,6700,CAR@DET,CAR,DET,,,,,,WR/FLEX
94505-92575,RB,Isiah,Isiah Pacheco,Pacheco,13.25,4,6600,KC@MIN,KC,MIN,,,,,,RB/FLEX
94505-40407,QB,Joshua,Joshua Dobbs,Dobbs,16.665000915527344,4,6600,CIN@ARI,ARI,CIN,,,,,,QB
94505-69213,WR,Michael,Michael Pittman Jr.,Pittman Jr.,11.375,4,6600,TEN@IND,IND,TEN,,,,,,WR/FLEX
94505-119606,QB,Bryce,Bryce Young,Young,10.073333104451498,3,6600,CAR@DET,CAR,DET,,,,,,QB
94505-14225,QB,Andy,Andy Dalton,Dalton,23.540000915527344,1,6600,CAR@DET,CAR,DET,,,,,,QB
94505-53331,QB,Taylor,Taylor Heinicke,Heinicke,13.551111009385851,9,6500,HOU@ATL,ATL,HOU,,,,,,QB
94505-86278,QB,Desmond,Desmond Ridder,Ridder,11.34000015258789,4,6500,HOU@ATL,ATL,HOU,,,,,,QB
94505-24849,QB,Jameis,Jameis Winston,Winston,1.5199999809265137,2,6500,NO@NE,NO,NE,,,,,,QB
94505-103064,RB,Breece,Breece Hall,Hall,6.925000190734863,4,6500,NYJ@DEN,NYJ,DEN,,,,,,RB/FLEX
94505-110246,WR,George,George Pickens,Pickens,10.074999809265137,4,6500,BAL@PIT,PIT,BAL,,,,,,WR/FLEX
94505-40687,RB,James,James Conner,Conner,12.699999809265137,4,6500,CIN@ARI,ARI,CIN,,,,,,RB/FLEX
94505-45859,QB,Derek,Derek Carr,Carr,8.654999732971191,4,6500,NO@NE,NO,NE,Q,Shoulder - ac joint,,,,QB
94505-72776,RB,Alexander,Alexander Mattison,Mattison,10.149999618530273,4,6400,KC@MIN,MIN,KC,,,,,,RB/FLEX
94505-90584,QB,Mac,Mac Jones,Jones,13.979999542236328,4,6400,NO@NE,NE,NO,,,,,,QB
94505-86687,WR,Marquise,Marquise Brown,Brown,12.324999809265137,4,6400,CIN@ARI,ARI,CIN,,,,,,WR/FLEX
94505-139985,QB,Bailey,Bailey Zappe,Zappe,2.2799999713897705,1,6400,NO@NE,NE,NO,,,,,,QB
94505-38628,QB,Mitch,Mitch Trubisky,Trubisky,0.7200000286102295,1,6400,BAL@PIT,PIT,BAL,,,,,,QB
94505-92020,QB,Kenny,Kenny Pickett,Pickett,11.479999542236328,4,6400,BAL@PIT,PIT,BAL,,,,,,QB
94505-53303,RB,Matt,Matt Breida,Breida,5.300000190734863,4,6300,NYG@MIA,NYG,MIA,,,,,,RB/FLEX
94505-112745,WR,Drake,Drake London,London,7.525000095367432,4,6300,HOU@ATL,ATL,HOU,,,,,,WR/FLEX
94505-86243,QB,Will,Will Levis,Levis,,,6300,TEN@IND,TEN,IND,,,,,,QB
94505-70027,RB,Zack,Zack Moss,Moss,16.400000254313152,3,6300,TEN@IND,IND,TEN,,,,,,RB/FLEX
94505-60840,QB,Jake,Jake Browning,Browning,-0.10000000149011612,1,6300,CIN@ARI,CIN,ARI,,,,,,QB
94505-21948,QB,Ryan,Ryan Tannehill,Tannehill,11.079999923706055,4,6300,TEN@IND,TEN,IND,,,,,,QB
94505-87691,QB,Malik,Malik Willis,Willis,3.1914285932268416,7,6300,TEN@IND,TEN,IND,,,,,,QB
94505-53097,WR,Josh,Josh Reynolds,Reynolds,13.166666666666666,3,6300,CAR@DET,DET,CAR,Q,Groin,,,,WR/FLEX
94505-86055,RB,Dameon,Dameon Pierce,Pierce,8.725000381469727,4,6200,HOU@ATL,HOU,ATL,,,,,,RB/FLEX
94505-61798,QB,Gardner,Gardner Minshew II,Minshew II,8.073333104451498,3,6200,TEN@IND,IND,TEN,,,,,,QB
94505-40669,WR,Tyler,Tyler Boyd,Boyd,5.300000190734863,4,6200,CIN@ARI,CIN,ARI,,,,,,WR/FLEX
94505-61157,QB,Brett,Brett Rypien,Rypien,5.505000114440918,4,6200,PHI@LAR,LAR,PHI,,,,,,QB
94505-14377,QB,Tyrod,Tyrod Taylor,Taylor,0.2199999988079071,2,6100,NYG@MIA,NYG,MIA,,,,,,QB
94505-71845,RB,Miles,Miles Sanders,Sanders,8.850000381469727,4,6100,CAR@DET,CAR,DET,,,,,,RB/FLEX
94505-16606,WR,DeAndre,DeAndre Hopkins,Hopkins,7.650000095367432,4,6100,TEN@IND,TEN,IND,,,,,,WR/FLEX
94505-25011,TE,Darren,Darren Waller,Waller,5.699999809265137,4,6100,NYG@MIA,NYG,MIA,,,,,,TE/FLEX
94505-91583,QB,Stetson,Stetson Bennett,Bennett,,,6100,PHI@LAR,LAR,PHI,IR,Illness,,,,QB
94505-90561,WR,Jerry,Jerry Jeudy,Jeudy,7.099999745686849,3,6100,NYJ@DEN,DEN,NYJ,,,,,,WR/FLEX
94505-60947,QB,Jarrett,Jarrett Stidham,Stidham,15.213333129882812,3,6100,NYJ@DEN,DEN,NYJ,,,,,,QB
94505-89628,QB,Davis,Davis Mills,Mills,13.101333618164062,15,6100,HOU@ATL,HOU,ATL,,,,,,QB
94505-40534,QB,Mike,Mike White,White,6.579999923706055,1,6100,NYG@MIA,MIA,NYG,,,,,,QB
94505-41562,QB,Nick,Nick Mullens,Mullens,3.190000057220459,4,6100,KC@MIN,MIN,KC,Q,Back,,,,QB
94505-29358,QB,Marcus,Marcus Mariota,Mariota,15.812307504507212,13,6100,PHI@LAR,PHI,LAR,,,,,,QB
94505-90813,QB,Clayton,Clayton Tune,Tune,,,6100,CIN@ARI,ARI,CIN,,,,,,QB
94505-8023,QB,Josh,Josh Johnson,Johnson,0.9300000071525574,2,6100,BAL@PIT,BAL,PIT,,,,,,QB
94505-14194,QB,Blaine,Blaine Gabbert,Gabbert,-0.8600000143051147,1,6100,KC@MIN,KC,MIN,,,,,,QB
94505-111540,RB,Rhamondre,Rhamondre Stevenson,Stevenson,9.274999618530273,4,6100,NO@NE,NE,NO,Q,Thigh,,,,RB/FLEX
94505-85983,QB,Hendon,Hendon Hooker,Hooker,,,6100,CAR@DET,DET,CAR,IR,Knee - acl,,,,QB
94505-52342,QB,Will,Will Grier,Grier,,,6000,NO@NE,NE,NO,,,,,,QB
94505-89236,QB,James,James Blackman,Blackman,,,6000,NYG@MIA,MIA,NYG,,,,,,QB
94505-27801,QB,Nate,Nate Sudfeld,Sudfeld,-0.20000000298023224,2,6000,CAR@DET,DET,CAR,IR,Knee - acl,,,,QB
94505-105646,TE,Sam,Sam LaPorta,LaPorta,10.300000190734863,4,6000,CAR@DET,DET,CAR,,,,,,TE/FLEX
94505-45259,QB,Logan,Logan Woodside,Woodside,,,6000,HOU@ATL,ATL,HOU,,,,,,QB
94505-130269,QB,Reid,Reid Sinnett,Sinnett,,,6000,CIN@ARI,CIN,ARI,,,,,,QB
94505-40167,RB,Gus,Gus Edwards,Edwards,7.099999904632568,4,6000,BAL@PIT,BAL,PIT,,,,,,RB/FLEX
94505-11500,QB,Colt,Colt McCoy,McCoy,8.949999809265137,4,6000,CIN@ARI,ARI,CIN,,,,,,QB
94505-129291,WR,Tank,Tank Dell,Dell,12,4,6000,HOU@ATL,HOU,ATL,,,,,,WR/FLEX
94505-90400,QB,Jaren,Jaren Hall,Hall,,,6000,KC@MIN,MIN,KC,,,,,,QB
94505-185640,QB,Dresser,Dresser Winn,Winn,,,6000,PHI@LAR,LAR,PHI,,,,,,QB
94505-31047,QB,AJ,AJ McCarron,McCarron,,,6000,CIN@ARI,CIN,ARI,,,,,,QB
94505-88440,QB,Braxton,Braxton Burmeister,Burmeister,,,6000,PHI@LAR,LAR,PHI,,,,,,QB
94505-52606,QB,David,David Blough,Blough,10.289999961853027,2,6000,CAR@DET,DET,CAR,,,,,,QB
94505-92560,QB,Sam,Sam Ehlinger,Ehlinger,9.654999732971191,4,6000,TEN@IND,IND,TEN,,,,,,QB
94505-73118,QB,Ian,Ian Book,Book,,,6000,NO@NE,NE,NO,,,,,,QB
94505-70051,QB,Tyler,Tyler Huntley,Huntley,0.800000011920929,1,6000,BAL@PIT,BAL,PIT,,,,,,QB
94505-185773,QB,Nolan,Nolan Henderson,Henderson,,,6000,BAL@PIT,BAL,PIT,,,,,,QB
94505-90575,RB,Najee,Najee Harris,Harris,6.599999904632568,4,6000,BAL@PIT,PIT,BAL,,,,,,RB/FLEX
94505-22994,QB,Case,Case Keenum,Keenum,0.1599999964237213,2,6000,HOU@ATL,HOU,ATL,,,,,,QB
94505-66008,WR,Diontae,Diontae Johnson,Johnson,6.300000190734863,1,6000,BAL@PIT,PIT,BAL,IR,Hamstring,,,,WR/FLEX
94505-53729,QB,Mason,Mason Rudolph,Rudolph,,,6000,BAL@PIT,PIT,BAL,,,,,,QB
94505-33259,QB,Teddy,Teddy Bridgewater,Bridgewater,8.404000091552735,5,6000,CAR@DET,DET,CAR,,,,,,QB
94505-89607,QB,Tanner,Tanner McKee,McKee,,,6000,PHI@LAR,PHI,LAR,,,,,,QB
94505-88602,QB,Jordan,Jordan Ta'amu,Ta'amu,,,6000,KC@MIN,MIN,KC,,,,,,QB
94505-94748,QB,Tommy,Tommy DeVito,DeVito,,,6000,NYG@MIA,NYG,MIA,,,,,,QB
94505-40482,QB,Tim,Tim Boyle,Boyle,-0.8799999952316284,1,6000,NYJ@DEN,NYJ,DEN,,,,,,QB
94505-30253,QB,Jeff,Jeff Driskel,Driskel,2.388571330479213,7,6000,CIN@ARI,ARI,CIN,,,,,,QB
94505-88630,QB,Matt,Matt Corral,Corral,,,6000,NO@NE,NE,NO,,,,,,QB
94505-71242,QB,Jarrett,Jarrett Guarantano,Guarantano,,,6000,NYJ@DEN,DEN,NYJ,,,,,,QB
94505-69294,QB,Skylar,Skylar Thompson,Thompson,4.195000171661377,8,6000,NYG@MIA,MIA,NYG,,,,,,QB
94505-73398,QB,Chris,Chris Oladokun,Oladokun,,,6000,KC@MIN,KC,MIN,,,,,,QB
94505-52929,QB,Jake,Jake Luton,Luton,,,6000,NO@NE,NO,NE,,,,,,QB
94505-6894,QB,Aaron,Aaron Rodgers,Rodgers,0,1,6000,NYJ@DEN,NYJ,DEN,IR,Achilles,,,,QB
94505-86793,QB,Jake,Jake Haener,Haener,,,6000,NO@NE,NO,NE,IR,Suspension,,,,QB
94505-28434,QB,Trevor,Trevor Siemian,Siemian,5.579999923706055,2,6000,NYJ@DEN,NYJ,DEN,,,,,,QB
94505-92975,QB,Malik,Malik Cunningham,Cunningham,,,6000,NO@NE,NE,NO,,,,,,QB
94505-90981,QB,Adrian,Adrian Martinez,Martinez,,,6000,CAR@DET,DET,CAR,,,,,,QB
94505-85860,QB,Tanner,Tanner Morgan,Morgan,,,6000,KC@MIN,MIN,KC,,,,,,QB
94505-38767,QB,Chris,Chris Streveler,Streveler,9,1,6000,NYJ@DEN,NYJ,DEN,Q,Thumb,,,,QB
94505-93055,WR,Isaiah,Isaiah Hodgins,Hodgins,4.199999809265137,4,6000,NYG@MIA,NYG,MIA,,,,,,WR/FLEX
94505-93103,QB,E.J.,E.J. Perry,Perry,,,6000,HOU@ATL,HOU,ATL,,,,,,QB
94505-92082,QB,Austin,Austin Aune,Aune,,,6000,HOU@ATL,ATL,HOU,,,,,,QB
94505-69597,QB,Anthony,Anthony Brown,Brown,3.7899999618530273,2,6000,BAL@PIT,BAL,PIT,,,,,,QB
94505-56286,QB,Trace,Trace McSorley,McSorley,2.715999984741211,5,6000,NO@NE,NE,NO,,,,,,QB
94505-63469,QB,Ben,Ben DiNucci,DiNucci,,,6000,NYJ@DEN,DEN,NYJ,,,,,,QB
94505-63484,QB,Kyler,Kyler Murray,Murray,18.865454933860086,11,6000,CIN@ARI,ARI,CIN,NA,Knee - acl,,,,QB
94505-129210,WR,Jordan,Jordan Addison,Addison,9.25,4,5900,KC@MIN,MIN,KC,,,,,,WR/FLEX
94505-63819,WR,Darius,Darius Slayton,Slayton,4.675000190734863,4,5900,NYG@MIA,NYG,MIA,,,,,,WR/FLEX
94505-129368,RB,Jahmyr,Jahmyr Gibbs,Gibbs,7.974999904632568,4,5900,CAR@DET,DET,CAR,D,Hamstring,,,,RB/FLEX
94505-56809,WR,Allen,Allen Lazard,Lazard,6.974999904632568,4,5900,NYJ@DEN,NYJ,DEN,,,,,,WR/FLEX
94505-112295,WR,Zay,Zay Flowers,Flowers,9.375,4,5900,BAL@PIT,BAL,PIT,,,,,,WR/FLEX
94505-54140,RB,Dalvin,Dalvin Cook,Cook,3.450000047683716,4,5900,NYJ@DEN,NYJ,DEN,,,,,,RB/FLEX
94505-90428,RB,Tyler,Tyler Allgeier,Allgeier,8.324999809265137,4,5800,HOU@ATL,ATL,HOU,,,,,,RB/FLEX
94505-112057,RB,Jaylen,Jaylen Warren,Warren,7.525000095367432,4,5800,BAL@PIT,PIT,BAL,,,,,,RB/FLEX
94505-52917,WR,DJ,DJ Chark Jr.,Chark Jr.,7.466666539510091,3,5800,CAR@DET,CAR,DET,,,,,,WR/FLEX
94505-92976,WR,Tutu,Tutu Atwell,Atwell,11.675000190734863,4,5800,PHI@LAR,LAR,PHI,,,,,,WR/FLEX
94505-89230,RB,Cam,Cam Akers,Akers,7.5,2,5700,KC@MIN,MIN,KC,,,,,,RB/FLEX
94505-93541,RB,Javonte,Javonte Williams,Williams,6.099999904632568,4,5700,NYJ@DEN,DEN,NYJ,Q,Quadriceps,,,,RB/FLEX
94505-87467,RB,Chuba,Chuba Hubbard,Hubbard,5.775000095367432,4,5700,CAR@DET,CAR,DET,,,,,,RB/FLEX
94505-112062,WR,Skyy,Skyy Moore,Moore,5.75,4,5700,KC@MIN,KC,MIN,,,,,,WR/FLEX
94505-147051,RB,Jaleel,Jaleel McLaughlin,McLaughlin,6.425000190734863,4,5700,NYJ@DEN,DEN,NYJ,,,,,,RB/FLEX
94505-40845,TE,Hunter,Hunter Henry,Henry,9.524999618530273,4,5700,NO@NE,NE,NO,,,,,,TE/FLEX
94505-28573,WR,Michael,Michael Thomas,Thomas,8.225000381469727,4,5700,NO@NE,NO,NE,,,,,,WR/FLEX
94505-86052,WR,Kadarius,Kadarius Toney,Toney,2.5999999046325684,4,5600,KC@MIN,KC,MIN,,,,,,WR/FLEX
94505-54608,RB,Jerick,Jerick McKinnon,McKinnon,5.550000190734863,4,5600,KC@MIN,KC,MIN,,,,,,RB/FLEX
94505-80289,WR,Kendrick,Kendrick Bourne,Bourne,9.375,4,5600,NO@NE,NE,NO,,,,,,WR/FLEX
94505-83074,TE,Dallas,Dallas Goedert,Goedert,3.825000047683716,4,5500,PHI@LAR,PHI,LAR,,,,,,TE/FLEX
94505-120093,WR,Marvin,Marvin Mims Jr.,Mims Jr.,10.5,4,5500,NYJ@DEN,DEN,NYJ,,,,,,WR/FLEX
94505-170287,WR,Rashid,Rashid Shaheed,Shaheed,8.899999618530273,4,5500,NO@NE,NO,NE,,,,,,WR/FLEX
94505-85741,RB,Clyde,Clyde Edwards-Helaire,Edwards-Helaire,5.025000095367432,4,5500,KC@MIN,KC,MIN,,,,,,RB/FLEX
94505-64389,WR,Nick,Nick Westbrook-Ikhine,Westbrook-Ikhine,10.466666539510092,3,5500,TEN@IND,TEN,IND,,,,,,WR/FLEX
94505-103539,WR,Wan'Dale,Wan'Dale Robinson,Robinson,5.650000095367432,2,5400,NYG@MIA,NYG,MIA,,,,,,WR/FLEX
94505-52451,RB,Samaje,Samaje Perine,Perine,5.400000095367432,4,5400,NYJ@DEN,DEN,NYJ,,,,,,RB/FLEX
94505-86244,TE,Pat,Pat Freiermuth,Freiermuth,5.324999809265137,4,5400,BAL@PIT,PIT,BAL,O,Hamstring,,,,TE/FLEX
94505-63855,WR,K.J.,K.J. Osborn,Osborn,6.925000190734863,4,5400,KC@MIN,MIN,KC,,,,,,WR/FLEX
94505-45631,RB,Jamaal,Jamaal Williams,Williams,4.550000190734863,2,5400,NO@NE,NO,NE,IR,Hamstring,,,,RB/FLEX
94505-71352,WR,Mecole,Mecole Hardman Jr.,Hardman Jr.,1.100000023841858,1,5400,NYJ@DEN,NYJ,DEN,,,,,,WR/FLEX
94505-40647,WR,Marquez,Marquez Valdes-Scantling,Valdes-Scantling,3.3499999046325684,4,5400,KC@MIN,KC,MIN,,,,,,WR/FLEX
94505-111631,WR,Jameson,Jameson Williams,Williams,2.433333396911621,6,5300,CAR@DET,DET,CAR,Q,Coach's decision,,,,WR/FLEX
94505-88109,RB,Gary,Gary Brightwell,Brightwell,3.0333334604899087,3,5300,NYG@MIA,NYG,MIA,,,,,,RB/FLEX
94505-129305,WR,Josh,Josh Downs,Downs,6.074999809265137,4,5300,TEN@IND,IND,TEN,,,,,,WR/FLEX
94505-89612,WR,Michael,Michael Wilson,Wilson,10.675000190734863,4,5300,CIN@ARI,ARI,CIN,,,,,,WR/FLEX
94505-85672,WR,Terrace,Terrace Marshall Jr.,Marshall Jr.,6.466666539510091,3,5300,CAR@DET,CAR,DET,,,,,,WR/FLEX
94505-110259,WR,Treylon,Treylon Burks,Burks,4.600000063578288,3,5300,TEN@IND,TEN,IND,O,Knee,,,,WR/FLEX
94505-55987,WR,JuJu,JuJu Smith-Schuster,Smith-Schuster,3.375,4,5300,NO@NE,NE,NO,,,,,,WR/FLEX
94505-47870,TE,Tyler,Tyler Higbee,Higbee,6.900000095367432,4,5300,PHI@LAR,LAR,PHI,,,,,,TE/FLEX
94505-38791,RB,Ezekiel,Ezekiel Elliott,Elliott,4.625,4,5300,NO@NE,NE,NO,,,,,,RB/FLEX
94505-56262,WR,Parris,Parris Campbell,Campbell,3.299999952316284,4,5300,NYG@MIA,NYG,MIA,,,,,,WR/FLEX
94505-52495,WR,Braxton,Braxton Berrios,Berrios,7.050000190734863,4,5200,NYG@MIA,MIA,NYG,,,,,,WR/FLEX
94505-86312,WR,Alec,Alec Pierce,Pierce,3.7249999046325684,4,5200,TEN@IND,IND,TEN,,,,,,WR/FLEX
94505-31360,WR,Odell,Odell Beckham Jr.,Beckham Jr.,4.550000190734863,2,5200,BAL@PIT,BAL,PIT,Q,Ankle,,,,WR/FLEX
94505-90912,RB,Kenneth,Kenneth Gainwell,Gainwell,6.599999745686849,3,5200,PHI@LAR,PHI,LAR,,,,,,RB/FLEX
94505-86080,TE,Kyle,Kyle Pitts,Pitts,4.300000190734863,4,5100,HOU@ATL,ATL,HOU,,,,,,TE/FLEX
94505-29780,TE,Zach,Zach Ertz,Ertz,5.900000095367432,4,5100,CIN@ARI,ARI,CIN,,,,,,TE/FLEX
94505-83083,WR,Justin,Justin Watson,Watson,4.574999809265137,4,5100,KC@MIN,KC,MIN,,,,,,WR/FLEX
94505-33260,WR,DeVante,DeVante Parker,Parker,5.299999872843425,3,5100,NO@NE,NE,NO,,,,,,WR/FLEX
94505-71521,RB,Justice,Justice Hill,Hill,7.666666666666667,3,5100,BAL@PIT,BAL,PIT,Q,Foot,,,,RB/FLEX
94505-70603,RB,Devin,Devin Singletary,Singletary,4.559999942779541,4,5100,HOU@ATL,HOU,ATL,,,,,,RB/FLEX
94505-28643,WR,Allen,Allen Robinson II,Robinson II,4.199999809265137,4,5100,BAL@PIT,PIT,BAL,,,,,,WR/FLEX
94505-28900,RB,Melvin,Melvin Gordon III,Gordon III,5.699999809265137,2,5000,BAL@PIT,BAL,PIT,,,,,,RB/FLEX
94505-55552,RB,Jeff,Jeff Wilson Jr.,Wilson Jr.,9.27058859432445,17,5000,NYG@MIA,MIA,NYG,IR,Ribs,,,,RB/FLEX
94505-12555,D,Baltimore,Baltimore Ravens,Ravens,9.75,4,5000,BAL@PIT,BAL,PIT,,,,,,DEF
94505-64905,WR,Trenton,Trenton Irwin,Irwin,2.200000047683716,1,5000,CIN@ARI,CIN,ARI,,,,,,WR/FLEX
94505-45565,TE,Taysom,Taysom Hill,Hill,3.484999895095825,4,5000,NO@NE,NO,NE,,,,,,TE/FLEX
94505-64031,TE,Hayden,Hayden Hurst,Hurst,4.724999904632568,4,5000,CAR@DET,CAR,DET,,,,,,TE/FLEX
94505-25267,WR,Mack,Mack Hollins,Hollins,3.7249999046325684,4,5000,HOU@ATL,ATL,HOU,,,,,,WR/FLEX
94505-111311,WR,Rashee,Rashee Rice,Rice,6.550000190734863,4,5000,KC@MIN,KC,MIN,,,,,,WR/FLEX
94505-29683,WR,Nelson,Nelson Agholor,Agholor,7.200000127156575,3,5000,BAL@PIT,BAL,PIT,,,,,,WR/FLEX
94505-48116,TE,Jonnu,Jonnu Smith,Smith,8.466666539510092,3,5000,HOU@ATL,ATL,HOU,,,,,,TE/FLEX
94505-29685,WR,Robert,Robert Woods,Woods,7.025000095367432,4,5000,HOU@ATL,HOU,ATL,,,,,,WR/FLEX
94505-93408,WR,Rondale,Rondale Moore,Moore,5.525000095367432,4,4900,CIN@ARI,ARI,CIN,,,,,,WR/FLEX
94505-12539,D,Miami,Miami Dolphins,Dolphins,4.25,4,4900,NYG@MIA,MIA,NYG,,,,,,DEF
94505-93539,RB,Michael,Michael Carter,Carter,2.075000047683716,4,4900,NYJ@DEN,NYJ,DEN,,,,,,RB/FLEX
94505-71241,WR,Brandon,Brandon Johnson,Johnson,8.199999809265137,4,4900,NYJ@DEN,DEN,NYJ,,,,,,WR/FLEX
94505-55042,TE,Dalton,Dalton Schultz,Schultz,4.974999904632568,4,4900,HOU@ATL,HOU,ATL,,,,,,TE/FLEX
94505-91971,RB,Ronnie,Ronnie Rivers,Rivers,2.5333333015441895,3,4900,PHI@LAR,LAR,PHI,,,,,,RB/FLEX
94505-85845,WR,Rashod,Rashod Bateman,Bateman,3.133333206176758,3,4900,BAL@PIT,BAL,PIT,,,,,,WR/FLEX
94505-14257,WR,Randall,Randall Cobb,Cobb,0.875,4,4900,NYJ@DEN,NYJ,DEN,,,,,,WR/FLEX
94505-60451,TE,Tyler,Tyler Conklin,Conklin,5.025000095367432,4,4800,NYJ@DEN,NYJ,DEN,,,,,,TE/FLEX
94505-42046,TE,Durham,Durham Smythe,Smythe,4.449999809265137,4,4800,NYG@MIA,MIA,NYG,,,,,,TE/FLEX
94505-64581,WR,Van,Van Jefferson,Jefferson,3.799999952316284,4,4800,PHI@LAR,LAR,PHI,,,,,,WR/FLEX
94505-69860,RB,Trayveon,Trayveon Williams,Williams,0.7250000238418579,4,4800,CIN@ARI,CIN,ARI,,,,,,RB/FLEX
94505-12532,D,Detroit,Detroit Lions,Lions,8.75,4,4800,CAR@DET,DET,CAR,,,,,,DEF
94505-111876,WR,Demario,Demario Douglas,Douglas,3.7249999046325684,4,4800,NO@NE,NE,NO,,,,,,WR/FLEX
94505-85306,WR,KhaDarel,KhaDarel Hodge,Hodge,2.450000047683716,2,4800,HOU@ATL,ATL,HOU,,,,,,WR/FLEX
94505-102928,RB,Eric,Eric Gray,Gray,0,4,4800,NYG@MIA,NYG,MIA,,,,,,RB/FLEX
94505-90870,WR,Calvin,Calvin Austin III,Austin III,6.650000095367432,4,4800,BAL@PIT,PIT,BAL,,,,,,WR/FLEX
94505-70422,WR,Kalif,Kalif Raymond,Raymond,6.75,4,4800,CAR@DET,DET,CAR,,,,,,WR/FLEX
94505-139094,WR,Jalin,Jalin Hyatt,Hyatt,3.9666665395100913,3,4800,NYG@MIA,NYG,MIA,,,,,,WR/FLEX
94505-73687,WR,Quez,Quez Watkins,Watkins,2.700000047683716,1,4800,PHI@LAR,PHI,LAR,,,,,,WR/FLEX
94505-64496,WR,Olamide,Olamide Zaccheaus,Zaccheaus,7.199999809265137,2,4800,PHI@LAR,PHI,LAR,,,,,,WR/FLEX
94505-88297,TE,Chig,Chig Okonkwo,Okonkwo,3.0250000953674316,4,4700,TEN@IND,TEN,IND,,,,,,TE/FLEX
94505-12545,D,Philadelphia,Philadelphia Eagles,Eagles,9.5,4,4700,PHI@LAR,PHI,LAR,,,,,,DEF
94505-147049,TE,Drew,Drew Ogletree,Ogletree,5.466666539510091,3,4700,TEN@IND,IND,TEN,,,,,,TE/FLEX
94505-86646,RB,Trey,Trey Sermon,Sermon,1.649999976158142,2,4700,TEN@IND,IND,TEN,,,,,,RB/FLEX
94505-92882,TE,Connor,Connor Heyward,Heyward,1.4500000476837158,2,4700,BAL@PIT,PIT,BAL,,,,,,TE/FLEX
94505-107293,RB,Tyjae,Tyjae Spears,Spears,5,4,4700,TEN@IND,TEN,IND,,,,,,RB/FLEX
94505-33047,WR,Chris,Chris Moore,Moore,3.8499999046325684,4,4600,TEN@IND,TEN,IND,,,,,,WR/FLEX
94505-64808,TE,Juwan,Juwan Johnson,Johnson,3.2000001271565757,3,4600,NO@NE,NO,NE,O,Calf,,,,TE/FLEX
94505-71032,WR,Devin,Devin Duvernay,Duvernay,0.824999988079071,4,4600,BAL@PIT,BAL,PIT,,,,,,WR/FLEX
94505-89493,RB,Chase,Chase Brown,Brown,0.20000000298023224,2,4600,CIN@ARI,CIN,ARI,,,,,,RB/FLEX
94505-73121,RB,Tony,Tony Jones Jr.,Jones Jr.,7.700000127156575,3,4600,NO@NE,NO,NE,,,,,,RB/FLEX
94505-43433,RB,Boston,Boston Scott,Scott,2.75,2,4600,PHI@LAR,PHI,LAR,,,,,,RB/FLEX
94505-71143,TE,Kylen,Kylen Granson,Granson,5.074999809265137,4,4600,TEN@IND,IND,TEN,,,,,,TE/FLEX
94505-112192,WR,Jonathan,Jonathan Mingo,Mingo,3.4666665395100913,3,4600,CAR@DET,CAR,DET,,,,,,WR/FLEX
94505-112455,WR,Xavier,Xavier Gipson,Gipson,2.049999952316284,4,4600,NYJ@DEN,NYJ,DEN,,,,,,WR/FLEX
94505-56265,TE,Mike,Mike Gesicki,Gesicki,3.7249999046325684,4,4600,NO@NE,NE,NO,,,,,,TE/FLEX
94505-41997,WR,River,River Cracraft,Cracraft,5.900000254313151,3,4500,NYG@MIA,MIA,NYG,IR,Shoulder,,,,WR/FLEX
94505-30733,RB,Cordarrelle,Cordarrelle Patterson,Patterson,11.09230745755709,13,4500,HOU@ATL,ATL,HOU,,,,,,RB/FLEX
94505-72725,TE,Irv,Irv Smith Jr.,Smith Jr.,2.5999999046325684,2,4500,CIN@ARI,CIN,ARI,,,,,,TE/FLEX
94505-53390,WR,Zach,Zach Pascal,Pascal,1.3000000317891438,3,4500,CIN@ARI,ARI,CIN,,,,,,WR/FLEX
94505-129219,RB,Israel,Israel Abanikanda,Abanikanda,,,4500,NYJ@DEN,NYJ,DEN,,,,,,RB/FLEX
94505-86255,TE,Josh,Josh Whyle,Whyle,9.600000381469727,1,4500,TEN@IND,TEN,IND,,,,,,TE/FLEX
94505-12536,D,Kansas City,Kansas City Chiefs,Chiefs,7.5,4,4500,KC@MIN,KC,MIN,,,,,,DEF
94505-60712,TE,Foster,Foster Moreau,Moreau,3,1,4500,NO@NE,NO,NE,,,,,,TE/FLEX
94505-102696,WR,John,John Metchie III,Metchie III,2.3999999364217124,3,4500,HOU@ATL,HOU,ATL,Q,Illness,,,,WR/FLEX
94505-133477,TE,Darnell,Darnell Washington,Washington,1.5,1,4500,BAL@PIT,PIT,BAL,,,,,,TE/FLEX
94505-92545,RB,Keaontay,Keaontay Ingram,Ingram,0.9333333174387614,3,4500,CIN@ARI,ARI,CIN,Q,Neck,,,,RB/FLEX
94505-138643,WR,Jason,Jason Brownlee,Brownlee,,,4500,NYJ@DEN,NYJ,DEN,,,,,,WR/FLEX
94505-71105,WR,Ben,Ben Skowronek,Skowronek,1.1333333651224773,3,4500,PHI@LAR,LAR,PHI,,,,,,WR/FLEX
94505-57840,RB,Rashaad,Rashaad Penny,Penny,1.899999976158142,1,4500,PHI@LAR,PHI,LAR,D,Illness,,,,RB/FLEX
94505-86543,WR,Erik,Erik Ezukanma,Ezukanma,1.100000023841858,2,4500,NYG@MIA,MIA,NYG,IR,Neck,,,,WR/FLEX
94505-22103,WR,Marvin,Marvin Jones Jr.,Jones Jr.,-0.10000000149011612,2,4500,CAR@DET,DET,CAR,,,,,,WR/FLEX
94505-29411,TE,Pharaoh,Pharaoh Brown,Brown,14.100000381469727,1,4500,NO@NE,NE,NO,,,,,,TE/FLEX
94505-40726,RB,Godwin,Godwin Igwebuike,Igwebuike,0.20000000794728598,6,4500,BAL@PIT,PIT,BAL,,,,,,RB/FLEX
94505-91931,TE,Greg,Greg Dulcich,Dulcich,3.200000047683716,1,4500,NYJ@DEN,DEN,NYJ,IR,Hamstring,,,,TE/FLEX
94505-87859,WR,Laviska,Laviska Shenault Jr.,Shenault Jr.,1.850000023841858,4,4500,CAR@DET,CAR,DET,,,,,,WR/FLEX
94505-27477,WR,Sterling,Sterling Shepard,Shepard,0.6666666666666666,3,4500,NYG@MIA,NYG,MIA,,,,,,WR/FLEX
94505-24533,TE,Mo,Mo Alie-Cox,Alie-Cox,4,3,4500,TEN@IND,IND,TEN,,,,,,TE/FLEX
94505-29734,RB,Ty,Ty Montgomery II,Montgomery II,1.2999999523162842,2,4400,NO@NE,NE,NO,,,,,,RB/FLEX
94505-90307,TE,Daniel,Daniel Bellinger,Bellinger,1,3,4400,NYG@MIA,NYG,MIA,Q,Knee,,,,TE/FLEX
94505-12541,D,New England,New England Patriots,Patriots,5.75,4,4400,NO@NE,NE,NO,,,,,,DEF
94505-30989,RB,Kenyan,Kenyan Drake,Drake,2.0999999046325684,1,4400,BAL@PIT,BAL,PIT,,,,,,RB/FLEX
94505-87371,RB,Ty,Ty Chandler,Chandler,1.9500000476837158,4,4400,KC@MIN,MIN,KC,,,,,,RB/FLEX
94505-94579,RB,Emari,Emari Demercado,Demercado,1.8666666348775227,3,4400,CIN@ARI,ARI,CIN,,,,,,RB/FLEX
94505-53639,WR,Isaiah,Isaiah McKenzie,McKenzie,0.7749999761581421,4,4400,TEN@IND,IND,TEN,,,,,,WR/FLEX
94505-63907,TE,Josh,Josh Oliver,Oliver,4.799999872843425,3,4400,KC@MIN,MIN,KC,,,,,,TE/FLEX
94505-73130,RB,Chris,Chris Evans,Evans,1.600000023841858,1,4400,CIN@ARI,CIN,ARI,,,,,,RB/FLEX
94505-31207,TE,C.J.,C.J. Uzomah,Uzomah,4,2,4400,NYJ@DEN,NYJ,DEN,,,,,,TE/FLEX
94505-70133,RB,Jake,Jake Funk,Funk,2.700000047683716,1,4400,TEN@IND,IND,TEN,,,,,,RB/FLEX
94505-26251,WR,Robbie,Robbie Chosen,Chosen,6.650000095367432,2,4400,NYG@MIA,MIA,NYG,,,,,,WR/FLEX
94505-55970,RB,Royce,Royce Freeman,Freeman,4,4,4400,PHI@LAR,LAR,PHI,,,,,,RB/FLEX
94505-92890,WR,Cody,Cody White,White,0.699999988079071,1,4400,BAL@PIT,PIT,BAL,Q,Undisclosed,,,,WR/FLEX
94505-120657,RB,Kendre,Kendre Miller,Miller,2.5999999046325684,2,4400,NO@NE,NO,NE,,,,,,RB/FLEX
94505-94094,TE,Brevin,Brevin Jordan,Jordan,6,2,4400,HOU@ATL,HOU,ATL,,,,,,TE/FLEX
94505-93143,TE,Noah,Noah Gray,Gray,5.300000190734863,4,4400,KC@MIN,KC,MIN,,,,,,TE/FLEX
94505-104424,RB,Craig,Craig Reynolds,Reynolds,0.8333333333333334,3,4400,CAR@DET,DET,CAR,,,,,,RB/FLEX
94505-83117,TE,Tanner,Tanner Hudson,Hudson,3.4000000953674316,2,4300,CIN@ARI,CIN,ARI,,,,,,TE/FLEX
94505-63697,TE,Brycen,Brycen Hopkins,Hopkins,1.7999999523162842,2,4300,PHI@LAR,LAR,PHI,,,,,,TE/FLEX
94505-88277,RB,Anthony,Anthony McFarland Jr.,McFarland Jr.,2.0999999046325684,1,4300,BAL@PIT,PIT,BAL,IR,Knee,,,,RB/FLEX
94505-87260,TE,Isaiah,Isaiah Likely,Likely,1.566666603088379,3,4300,BAL@PIT,BAL,PIT,,,,,,TE/FLEX
94505-130270,TE,Adam,Adam Trautman,Trautman,1.475000023841858,4,4300,NYJ@DEN,DEN,NYJ,,,,,,TE/FLEX
94505-12531,D,Denver,Denver Broncos,Broncos,4.5,4,4300,NYJ@DEN,DEN,NYJ,,,,,,DEF
94505-93531,WR,Antoine,Antoine Green,Green,0.699999988079071,1,4300,CAR@DET,DET,CAR,,,,,,WR/FLEX
94505-71031,WR,Lil'Jordan,Lil'Jordan Humphrey,Humphrey,3.5333334604899087,3,4300,NYJ@DEN,DEN,NYJ,,,,,,WR/FLEX
94505-91750,TE,Trey,Trey McBride,McBride,2.299999952316284,4,4300,CIN@ARI,ARI,CIN,,,,,,TE/FLEX
94505-61072,WR,Stanley,Stanley Morgan,Morgan,0,1,4300,CIN@ARI,CIN,ARI,,,,,,WR/FLEX
94505-80546,TE,Dan,Dan Arnold,Arnold,1.8,10,4300,PHI@LAR,PHI,LAR,,,,,,TE/FLEX
94505-89785,RB,Spencer,Spencer Brown,Brown,3.1500000953674316,2,4300,CAR@DET,CAR,DET,,,,,,RB/FLEX
94505-58041,RB,Mike,Mike Boone,Boone,1.2333333492279053,3,4300,HOU@ATL,HOU,ATL,,,,,,RB/FLEX
94505-86780,RB,Salvon,Salvon Ahmed,Ahmed,3.3499999046325684,2,4300,NYG@MIA,MIA,NYG,,,,,,RB/FLEX
94505-41806,WR,Laquon,Laquon Treadwell,Treadwell,2.3999999364217124,3,4300,BAL@PIT,BAL,PIT,,,,,,WR/FLEX
94505-89964,WR,Justyn,Justyn Ross,Ross,0.550000011920929,2,4300,KC@MIN,KC,MIN,,,,,,WR/FLEX
94505-91046,TE,Brock,Brock Wright,Wright,2.700000047683716,1,4300,CAR@DET,DET,CAR,,,,,,TE/FLEX
94505-45997,WR,Keith,Keith Kirkwood,Kirkwood,0,3,4300,NO@NE,NO,NE,,,,,,WR/FLEX
94505-69581,WR,Cedrick,Cedrick Wilson Jr.,Wilson Jr.,2.0999999046325684,1,4300,NYG@MIA,MIA,NYG,,,,,,WR/FLEX
94505-91101,TE,Tommy,Tommy Tremble,Tremble,2,1,4300,CAR@DET,CAR,DET,,,,,,TE/FLEX
94505-70663,WR,Frank,Frank Darby,Darby,2,1,4200,HOU@ATL,ATL,HOU,,,,,,WR/FLEX
94505-62505,TE,MyCole,MyCole Pruitt,Pruitt,0.75,2,4200,HOU@ATL,ATL,HOU,,,,,,TE/FLEX
94505-89157,RB,Caleb,Caleb Huntley,Huntley,3.6583334604899087,12,4200,HOU@ATL,ATL,HOU,Q,Achilles,,,,RB/FLEX
94505-55366,RB,Qadree,Qadree Ollison,Ollison,,,4200,BAL@PIT,PIT,BAL,,,,,,RB/FLEX
94505-79980,TE,Eric,Eric Saubert,Saubert,2.176923018235427,13,4200,NYG@MIA,MIA,NYG,,,,,,TE/FLEX
94505-52345,WR,Brandon,Brandon Powell,Powell,-0.25,4,4200,KC@MIN,MIN,KC,,,,,,WR/FLEX
94505-104577,WR,Gunner,Gunner Olszewski,Olszewski,-1.5,1,4200,BAL@PIT,PIT,BAL,,,,,,WR/FLEX
94505-28827,RB,Dare,Dare Ogunbowale,Ogunbowale,0.4000000059604645,1,4200,HOU@ATL,HOU,ATL,,,,,,RB/FLEX
94505-63646,TE,Lawrence,Lawrence Cager,Cager,2.700000047683716,1,4200,NYG@MIA,NYG,MIA,,,,,,TE/FLEX
94505-170184,RB,Julius,Julius Chestnut,Chestnut,1.1333333651224773,6,4200,TEN@IND,TEN,IND,IR,Hamstring,,,,RB/FLEX
94505-63717,RB,Alec,Alec Ingold,Ingold,2.3999999364217124,3,4200,NYG@MIA,MIA,NYG,,,,,,RB/FLEX
94505-130288,RB,James,James Robinson,Robinson,7.55454531582919,11,4200,NYG@MIA,NYG,MIA,,,,,,RB/FLEX
94505-11512,TE,Jimmy,Jimmy Graham,Graham,7.300000190734863,1,4200,NO@NE,NO,NE,,,,,,TE/FLEX
94505-185593,WR,Andrei,Andrei Iosivas,Iosivas,,,4200,CIN@ARI,CIN,ARI,,,,,,WR/FLEX
94505-12544,D,New York,New York Jets,Jets,7.75,4,4200,NYJ@DEN,NYJ,DEN,,,,,,DEF
94505-131328,RB,Zach,Zach Evans,Evans,,,4200,PHI@LAR,LAR,PHI,,,,,,RB/FLEX
94505-149832,TE,Shane,Shane Zylstra,Zylstra,4.4375,8,4200,CAR@DET,DET,CAR,IR,Knee,,,,TE/FLEX
94505-110978,RB,Evan,Evan Hull,Hull,1.2000000476837158,1,4200,TEN@IND,IND,TEN,IR,Knee,,,,RB/FLEX
94505-56711,TE,Drew,Drew Sample,Sample,0.800000011920929,2,4200,CIN@ARI,CIN,ARI,,,,,,TE/FLEX
94505-92590,RB,Raheem,Raheem Blackshear,Blackshear,2.923076923076923,13,4200,CAR@DET,CAR,DET,,,,,,RB/FLEX
94505-34295,WR,Breshad,Breshad Perriman,Perriman,2.3499999046325684,8,4200,TEN@IND,IND,TEN,,,,,,WR/FLEX
94505-73247,RB,Kene,Kene Nwangwu,Nwangwu,0.8076923076923077,13,4200,KC@MIN,MIN,KC,IR,Back,,,,RB/FLEX
94505-173626,TE,Nate,Nate Adkins,Adkins,1.7000000476837158,2,4200,NYJ@DEN,DEN,NYJ,,,,,,TE/FLEX
94505-18009,TE,Chris,Chris Manhertz,Manhertz,0.75,2,4200,NYJ@DEN,DEN,NYJ,,,,,,TE/FLEX
94505-38523,TE,Geoff,Geoff Swaim,Swaim,0,1,4200,CIN@ARI,ARI,CIN,,,,,,TE/FLEX
94505-64147,WR,Britain,Britain Covey,Covey,0,4,4200,PHI@LAR,PHI,LAR,,,,,,WR/FLEX
94505-65182,TE,Mitchell,Mitchell Wilcox,Wilcox,1.600000023841858,2,4200,CIN@ARI,CIN,ARI,,,,,,TE/FLEX
94505-65231,RB,Adam,Adam Prentice,Prentice,-0.5,1,4200,NO@NE,NO,NE,,,,,,RB/FLEX
94505-53967,RB,Nick,Nick Bawden,Bawden,6.099999904632568,1,4200,NYJ@DEN,NYJ,DEN,,,,,,RB/FLEX
94505-63186,WR,James,James Proche II,Proche II,0.9199999809265137,10,4200,BAL@PIT,BAL,PIT,,,,,,WR/FLEX
94505-87815,TE,Jeremy,Jeremy Ruckert,Ruckert,3.5999999046325684,1,4200,NYJ@DEN,NYJ,DEN,,,,,,TE/FLEX
94505-69383,WR,Dezmon,Dezmon Patmon,Patmon,3.4000000953674316,1,4200,CAR@DET,CAR,DET,,,,,,WR/FLEX
94505-27403,TE,Blake,Blake Bell,Bell,8.199999809265137,1,4200,KC@MIN,KC,MIN,,,,,,TE/FLEX
94505-40758,RB,Corey,Corey Clement,Clement,4.849999904632568,4,4200,CIN@ARI,ARI,CIN,,,,,,RB/FLEX
94505-72515,TE,Ian,Ian Thomas,Thomas,0.6499999761581421,2,4200,CAR@DET,CAR,DET,,,,,,TE/FLEX
94505-69451,TE,Jack,Jack Stoll,Stoll,1.100000023841858,1,4200,PHI@LAR,PHI,LAR,,,,,,TE/FLEX
94505-103252,RB,Zonovan,Zonovan Knight,Knight,1.2999999523162842,1,4200,CAR@DET,DET,CAR,,,,,,RB/FLEX
94505-93026,TE,Teagan,Teagan Quitoriano,Quitoriano,0.800000011920929,2,4200,HOU@ATL,HOU,ATL,,,,,,TE/FLEX
94505-119653,WR,Kayshon,Kayshon Boutte,Boutte,0,1,4200,NO@NE,NE,NO,,,,,,WR/FLEX
94505-70501,RB,C.J.,C.J. Ham,Ham,1.4500000476837158,2,4200,KC@MIN,MIN,KC,,,,,,RB/FLEX
94505-104297,WR,Jason,Jason Moore,Moore,1,1,4200,CAR@DET,DET,CAR,,,,,,WR/FLEX
94505-64403,WR,Irvin,Irvin Charles,Charles,,,4200,NYJ@DEN,NYJ,DEN,,,,,,WR/FLEX
94505-94116,TE,Will,Will Mallory,Mallory,5.900000095367432,1,4200,TEN@IND,IND,TEN,,,,,,TE/FLEX
94505-69558,WR,Greg,Greg Dortch,Dortch,0,4,4200,CIN@ARI,ARI,CIN,,,,,,WR/FLEX
94505-56248,WR,Noah,Noah Brown,Brown,3.4000000953674316,1,4200,HOU@ATL,HOU,ATL,IR,Groin,,,,WR/FLEX
94505-57342,WR,Tre'Quan,Tre'Quan Smith,Smith,4.811111026340061,9,4200,NYJ@DEN,DEN,NYJ,,,,,,WR/FLEX
94505-70705,TE,Trevon,Trevon Wesco,Wesco,0,1,4100,TEN@IND,TEN,IND,,,,,,TE/FLEX
94505-72772,RB,Avery,Avery Williams,Williams,1.6176470588235294,17,4100,HOU@ATL,ATL,HOU,IR,Knee - acl,,,,RB/FLEX
94505-87112,WR,Josh,Josh Ali,Ali,0,1,4100,HOU@ATL,ATL,HOU,IR,Ankle,,,,WR/FLEX
94505-86113,WR,Ihmir,Ihmir Smith-Marsette,Smith-Marsette,0,4,4100,CAR@DET,CAR,DET,,,,,,WR/FLEX
94505-79974,RB,Tarik,Tarik Cohen,Cohen,,,4100,CAR@DET,CAR,DET,,,,,,RB/FLEX
94505-58499,TE,Parker,Parker Hesse,Hesse,1.4888888465033636,9,4100,HOU@ATL,ATL,HOU,O,Undisclosed,,,,TE/FLEX
94505-89220,WR,Tyquan,Tyquan Thornton,Thornton,4.608333269755046,12,4100,NO@NE,NE,NO,IR,Shoulder,,,,WR/FLEX
94505-54426,TE,Andrew,Andrew Beck,Beck,2.066666603088379,3,4100,HOU@ATL,HOU,ATL,,,,,,TE/FLEX
94505-32957,TE,Eric,Eric Tomlinson,Tomlinson,3.049999952316284,8,4100,BAL@PIT,BAL,PIT,,,,,,TE/FLEX
94505-70859,TE,Albert,Albert Okwuegbunam,Okwuegbunam,3.4166666666666665,6,4100,PHI@LAR,PHI,LAR,,,,,,TE/FLEX
94505-25813,WR,Phillip,Phillip Dorsett II,Dorsett II,0,1,4100,NYJ@DEN,DEN,NYJ,,,,,,WR/FLEX
94505-93404,RB,Zander,Zander Horvath,Horvath,2.012500047683716,8,4100,BAL@PIT,PIT,BAL,,,,,,RB/FLEX
94505-91361,RB,Hassan,Hassan Haskins,Haskins,1.7083333333333333,12,4100,TEN@IND,TEN,IND,IR,Undisclosed,,,,RB/FLEX
94505-12528,D,Cincinnati,Cincinnati Bengals,Bengals,7.25,4,4100,CIN@ARI,CIN,ARI,,,,,,DEF
94505-53498,WR,Richie,Richie James Jr.,James Jr.,-0.44999998807907104,2,4100,KC@MIN,KC,MIN,IR,Knee - mcl,,,,WR/FLEX
94505-64827,WR,Miles,Miles Boykin,Boykin,1,1,4100,BAL@PIT,PIT,BAL,,,,,,WR/FLEX
94505-91488,RB,Chris,Chris Brooks,Brooks,6.599999904632568,1,4100,NYG@MIA,MIA,NYG,,,,,,RB/FLEX
94505-64907,WR,J.J.,J.J. Arcega-Whiteside,Arcega-Whiteside,,,4100,HOU@ATL,ATL,HOU,,,,,,WR/FLEX
94505-80294,TE,Anthony,Anthony Firkser,Firkser,1.8125,8,4100,NO@NE,NE,NO,,,,,,TE/FLEX
94505-80299,RB,Patrick,Patrick Ricard,Ricard,1.899999976158142,1,4100,BAL@PIT,BAL,PIT,,,,,,RB/FLEX
94505-87469,TE,Jelani,Jelani Woods,Woods,5.141666730244954,12,4100,TEN@IND,IND,TEN,IR,Hamstring,,,,TE/FLEX
94505-40371,TE,Johnny,Johnny Mundt,Mundt,2.2285714830671037,14,4100,KC@MIN,MIN,KC,,,,,,TE/FLEX
94505-26038,TE,Tyler,Tyler Kroft,Kroft,1.9249999523162842,4,4100,NYG@MIA,MIA,NYG,,,,,,TE/FLEX
94505-69068,RB,Jonathan,Jonathan Ward,Ward,2.0999999046325684,2,4100,TEN@IND,TEN,IND,,,,,,RB/FLEX
94505-87515,WR,Tylan,Tylan Wallace,Wallace,1.0600000381469727,5,4100,BAL@PIT,BAL,PIT,IR,Hamstring,,,,WR/FLEX
94505-185850,TE,Julian,Julian Hill,Hill,0,1,4100,NYG@MIA,MIA,NYG,,,,,,TE/FLEX
94505-60930,RB,Myles,Myles Gaskin,Gaskin,3.700000047683716,2,4100,KC@MIN,MIN,KC,,,,,,RB/FLEX
94505-88607,WR,Braylon,Braylon Sanders,Sanders,0.3499999940395355,2,4100,NYG@MIA,MIA,NYG,,,,,,WR/FLEX
94505-57909,RB,Marlon,Marlon Mack,Mack,4.899999891008649,7,4100,CIN@ARI,ARI,CIN,IR,Achilles,,,,RB/FLEX
94505-62042,WR,Deon,Deon Cain,Cain,,,4100,PHI@LAR,PHI,LAR,,,,,,WR/FLEX
94505-88685,WR,Austin,Austin Trammell,Trammell,0,2,4100,PHI@LAR,LAR,PHI,,,,,,WR/FLEX
94505-94831,RB,Deneric,Deneric Prince,Prince,,,4100,KC@MIN,KC,MIN,,,,,,RB/FLEX
94505-56947,TE,Chris,Chris Myarick,Myarick,2.2857142857142856,7,4100,NYG@MIA,NYG,MIA,IR,Hand,,,,TE/FLEX
94505-85635,TE,Charlie,Charlie Kolar,Kolar,0,1,4100,BAL@PIT,BAL,PIT,,,,,,TE/FLEX
94505-61060,RB,Devine,Devine Ozigbo,Ozigbo,0.40000001589457196,3,4100,CAR@DET,DET,CAR,,,,,,RB/FLEX
94505-70282,WR,Demetric,Demetric Felton,Felton,0.27999999523162844,5,4100,CIN@ARI,CIN,ARI,,,,,,WR/FLEX
94505-69276,WR,Bryan,Bryan Edwards,Edwards,0.75,4,4100,NO@NE,NO,NE,,,,,,WR/FLEX
94505-52897,RB,Darrel,Darrel Williams,Williams,3.8200000762939452,5,4100,NO@NE,NO,NE,,,,,,RB/FLEX
94505-94887,RB,Tyler,Tyler Badie,Badie,8.899999618530273,1,4100,NYJ@DEN,DEN,NYJ,,,,,,RB/FLEX
94505-88752,WR,Charlie,Charlie Jones,Jones,2.366666634877523,3,4100,CIN@ARI,CIN,ARI,IR,Thumb,,,,WR/FLEX
94505-72370,RB,J.J.,J.J. Taylor,Taylor,2.200000047683716,1,4100,NO@NE,NE,NO,,,,,,RB/FLEX
94505-94936,RB,Larry,Larry Rountree III,Rountree III,2.1500000953674316,2,4100,HOU@ATL,HOU,ATL,,,,,,RB/FLEX
94505-91902,WR,Kyle,Kyle Philips,Philips,1.9500000476837158,4,4100,TEN@IND,TEN,IND,,,,,,WR/FLEX
94505-22288,WR,Cole,Cole Beasley,Beasley,3.1142856052943637,7,4100,NYG@MIA,NYG,MIA,O,Leg,,,,WR/FLEX
94505-61273,WR,Scotty,Scotty Miller,Miller,0,1,4100,HOU@ATL,ATL,HOU,,,,,,WR/FLEX
94505-89970,WR,Amari,Amari Rodgers,Rodgers,2.0733333587646485,15,4100,TEN@IND,IND,TEN,,,,,,WR/FLEX
94505-134023,RB,Keaton,Keaton Mitchell,Mitchell,,,4100,BAL@PIT,BAL,PIT,IR,Shoulder,,,,RB/FLEX
94505-93075,TE,Hunter,Hunter Long,Long,0,1,4100,PHI@LAR,LAR,PHI,IR,Thigh,,,,TE/FLEX
94505-104388,WR,Tom,Tom Kennedy,Kennedy,3.0166667302449546,6,4100,CAR@DET,DET,CAR,Q,Arm,,,,WR/FLEX
94505-65477,TE,Giovanni,Giovanni Ricci,Ricci,0.699999988079071,1,4100,CAR@DET,CAR,DET,,,,,,TE/FLEX
94505-56289,RB,Jason,Jason Cabinda,Cabinda,0,1,4100,CAR@DET,DET,CAR,IR,Knee,,,,RB/FLEX
94505-85986,TE,James,James Mitchell,Mitchell,2.8499999046325684,8,4100,CAR@DET,DET,CAR,D,Hamstring,,,,TE/FLEX
94505-119788,WR,Xavier,Xavier Hutchinson,Hutchinson,0.699999988079071,2,4100,HOU@ATL,HOU,ATL,,,,,,WR/FLEX
94505-104447,TE,Jody,Jody Fortson,Fortson,2.529999923706055,10,4100,KC@MIN,KC,MIN,IR,Shoulder,,,,TE/FLEX
94505-193538,RB,Aaron,Aaron Dykes,Dykes,,,4000,KC@MIN,MIN,KC,,,,,,RB/FLEX
94505-92166,WR,Marcus,Marcus Jones,Jones,0,1,4000,NO@NE,NE,NO,IR,Shoulder,,,,WR/FLEX
94505-110603,RB,Titus,Titus Swen,Swen,,,4000,TEN@IND,IND,TEN,,,,,,RB/FLEX
94505-96269,RB,Owen,Owen Wright,Wright,,,4000,BAL@PIT,BAL,PIT,,,,,,RB/FLEX
94505-40977,TE,Ricky,Ricky Seals-Jones,Seals-Jones,,,4000,TEN@IND,IND,TEN,Q,Foot,,,,TE/FLEX
94505-170000,WR,Shemar,Shemar Bridges,Bridges,,,4000,BAL@PIT,BAL,PIT,,,,,,WR/FLEX
94505-69655,TE,Stephen,Stephen Sullivan,Sullivan,0.9333333174387614,6,4000,CAR@DET,CAR,DET,IR,Hip,,,,TE/FLEX
94505-28694,TE,Jesse,Jesse James,James,,,4000,NO@NE,NO,NE,,,,,,TE/FLEX
94505-70680,WR,Jalen,Jalen Camp,Camp,1.2000000476837158,1,4000,BAL@PIT,PIT,BAL,,,,,,WR/FLEX
94505-154661,WR,Michael,Michael Bandy,Bandy,1.5444444020589192,9,4000,NYJ@DEN,DEN,NYJ,,,,,,WR/FLEX
94505-71723,WR,Dez,Dez Fitzpatrick,Fitzpatrick,,,4000,BAL@PIT,PIT,BAL,,,,,,WR/FLEX
94505-86068,WR,Jacob,Jacob Copeland,Copeland,,,4000,BAL@PIT,PIT,BAL,,,,,,WR/FLEX
94505-86075,TE,Lucas,Lucas Krull,Krull,,,4000,NYJ@DEN,DEN,NYJ,,,,,,TE/FLEX
94505-174148,RB,Carlos,Carlos Washington Jr.,Washington Jr.,,,4000,HOU@ATL,ATL,HOU,,,,,,RB/FLEX
94505-91207,WR,Keytaon,Keytaon Thompson,Thompson,,,4000,CAR@DET,DET,CAR,,,,,,WR/FLEX
94505-165962,TE,Nikola,Nikola Kalinic,Kalinic,0,1,4000,PHI@LAR,LAR,PHI,,,,,,TE/FLEX
94505-27721,WR,Justin,Justin Hardee Sr.,Hardee Sr.,0,1,4000,NYJ@DEN,NYJ,DEN,,,,,,WR/FLEX
94505-89167,WR,Gavin,Gavin Holmes,Holmes,,,4000,TEN@IND,TEN,IND,,,,,,WR/FLEX
94505-68686,WR,C.J.,C.J. Saunders,Saunders,,,4000,HOU@ATL,ATL,HOU,,,,,,WR/FLEX
94505-87122,WR,Lynn,Lynn Bowden Jr.,Bowden Jr.,0,1,4000,NO@NE,NO,NE,,,,,,WR/FLEX
94505-89172,RB,John,John Lovett,Lovett,,,4000,BAL@PIT,PIT,BAL,,,,,,RB/FLEX
94505-63576,WR,Kirk,Kirk Merritt,Merritt,,,4000,NO@NE,NO,NE,,,,,,WR/FLEX
94505-65627,WR,Maurice,Maurice Alexander,Alexander,0.40000001589457196,3,4000,CAR@DET,DET,CAR,,,,,,WR/FLEX
94505-86108,RB,Monte,Monte Pottebaum,Pottebaum,,,4000,BAL@PIT,PIT,BAL,IR,Undisclosed,,,,RB/FLEX
94505-42077,TE,James,James Winchester,Winchester,,,4000,KC@MIN,KC,MIN,,,,,,TE/FLEX
94505-24671,WR,Adam,Adam Humphries,Humphries,,,4000,HOU@ATL,HOU,ATL,,,,,,WR/FLEX
94505-92256,WR,Malik,Malik Knowles,Knowles,,,4000,KC@MIN,MIN,KC,IR,Undisclosed,,,,WR/FLEX
94505-68712,WR,Tyler,Tyler Johnson,Johnson,,,4000,PHI@LAR,LAR,PHI,,,,,,WR/FLEX
94505-94314,RB,Camerun,Camerun Peoples,Peoples,,,4000,CAR@DET,CAR,DET,,,,,,RB/FLEX
94505-86125,WR,Brandon,Brandon Smith,Smith,,,4000,CIN@ARI,ARI,CIN,,,,,,WR/FLEX
94505-64627,WR,Scotty,Scotty Washington,Washington,,,4000,NO@NE,NE,NO,,,,,,WR/FLEX
94505-61555,WR,David,David Sills V,Sills V,2.3000000544956754,7,4000,NYJ@DEN,DEN,NYJ,,,,,,WR/FLEX
94505-46200,TE,Daniel,Daniel Brunskill,Brunskill,,,4000,TEN@IND,TEN,IND,,,,,,TE/FLEX
94505-69752,WR,Jalen,Jalen Virgil,Virgil,3.125,4,4000,NYJ@DEN,DEN,NYJ,IR,Knee - meniscus,,,,WR/FLEX
94505-64634,WR,Alex,Alex Bachman,Bachman,,,4000,HOU@ATL,HOU,ATL,Q,Oblique,,,,WR/FLEX
94505-89214,RB,Abram,Abram Smith,Smith,,,4000,KC@MIN,MIN,KC,,,,,,RB/FLEX
94505-84101,WR,Vyncint,Vyncint Smith,Smith,,,4000,TEN@IND,IND,TEN,,,,,,WR/FLEX
94505-155790,TE,Izaiah,Izaiah Gathings,Gathings,,,4000,KC@MIN,KC,MIN,,,,,,TE/FLEX
94505-83086,WR,Daurice,Daurice Fountain,Fountain,,,4000,CAR@DET,DET,CAR,,,,,,WR/FLEX
94505-89243,WR,Tre'Shaun,Tre'Shaun Harrison,Harrison,,,4000,TEN@IND,TEN,IND,,,,,,WR/FLEX
94505-92331,TE,Johnny,Johnny Lumpkin,Lumpkin,,,4000,TEN@IND,IND,TEN,,,,,,TE/FLEX
94505-61610,RB,Jacques,Jacques Patrick,Patrick,,,4000,TEN@IND,TEN,IND,,,,,,RB/FLEX
94505-89265,TE,Camren,Camren McDonald,McDonald,,,4000,PHI@LAR,LAR,PHI,,,,,,TE/FLEX
94505-105648,RB,Tyler,Tyler Goodson,Goodson,,,4000,TEN@IND,IND,TEN,,,,,,RB/FLEX
94505-86192,WR,KJ,KJ Hamler,Hamler,3.7166665395100913,6,4000,TEN@IND,IND,TEN,,,,,,WR/FLEX
94505-151737,TE,E.J.,E.J. Jenkins,Jenkins,,,4000,NYJ@DEN,NYJ,DEN,,,,,,TE/FLEX
94505-86205,WR,Mac,Mac Hippenhammer,Hippenhammer,,,4000,CIN@ARI,CIN,ARI,,,,,,WR/FLEX
94505-65737,TE,Sam,Sam Tecklenburg,Tecklenburg,,,4000,CAR@DET,CAR,DET,,,,,,TE/FLEX
94505-54472,WR,Cam,Cam Sims,Sims,1.0749999682108562,12,4000,NYG@MIA,NYG,MIA,,,,,,WR/FLEX
94505-149710,WR,Mike,Mike Strachan,Strachan,1.4800000190734863,5,4000,CAR@DET,CAR,DET,,,,,,WR/FLEX
94505-69836,WR,Collin,Collin Johnson,Johnson,,,4000,NYG@MIA,NYG,MIA,,,,,,WR/FLEX
94505-170188,TE,Tanner,Tanner Conner,Conner,0,2,4000,NYG@MIA,MIA,NYG,,,,,,TE/FLEX
94505-167117,WR,Tyler,Tyler Hudson,Hudson,,,4000,PHI@LAR,LAR,PHI,,,,,,WR/FLEX
94505-70868,RB,Damarea,Damarea Crockett,Crockett,,,4000,NYJ@DEN,NYJ,DEN,,,,,,RB/FLEX
94505-170206,TE,Rodney,Rodney Williams II,Williams II,,,4000,BAL@PIT,PIT,BAL,,,,,,TE/FLEX
94505-149727,TE,Bernhard,Bernhard Seikovits,Seikovits,,,4000,CIN@ARI,ARI,CIN,,,,,,TE/FLEX
94505-95455,WR,D.J.,D.J. Montgomery,Montgomery,,,4000,TEN@IND,IND,TEN,,,,,,WR/FLEX
94505-86238,TE,Zack,Zack Kuntz,Kuntz,,,4000,NYJ@DEN,NYJ,DEN,,,,,,TE/FLEX
94505-70881,TE,Justin,Justin Rigg,Rigg,,,4000,TEN@IND,TEN,IND,,,,,,TE/FLEX
94505-170208,WR,Kaden,Kaden Davis,Davis,,,4000,CIN@ARI,ARI,CIN,,,,,,WR/FLEX
94505-68835,RB,CJ,CJ Marable,Marable,,,4000,NO@NE,NE,NO,,,,,,RB/FLEX
94505-170214,WR,Dennis,Dennis Houston,Houston,1.2999999523162842,2,4000,NYG@MIA,NYG,MIA,,,,,,WR/FLEX
94505-130276,WR,Mason,Mason Kinsey,Kinsey,0,2,4000,TEN@IND,TEN,IND,,,,,,WR/FLEX
94505-90343,WR,Jordan,Jordan Byrd,Byrd,,,4000,BAL@PIT,PIT,BAL,,,,,,WR/FLEX
94505-88294,WR,Dontay,Dontay Demus Jr.,Demus Jr.,,,4000,BAL@PIT,BAL,PIT,,,,,,WR/FLEX
94505-70889,RB,Benny,Benny Snell Jr.,Snell Jr.,2.9500001271565757,6,4000,CAR@DET,DET,CAR,,,,,,RB/FLEX
94505-91373,TE,Joel,Joel Honigford,Honigford,,,4000,CIN@ARI,ARI,CIN,,,,,,TE/FLEX
94505-52463,TE,Daniel,Daniel Helm,Helm,,,4000,CAR@DET,DET,CAR,,,,,,TE/FLEX
94505-90353,WR,Jesse,Jesse Matthews,Matthews,,,4000,HOU@ATL,HOU,ATL,IR,Knee - acl,,,,WR/FLEX
94505-88313,WR,Brian,Brian Cobbs,Cobbs,,,4000,CIN@ARI,ARI,CIN,,,,,,WR/FLEX
94505-185599,WR,Colton,Colton Dowell,Dowell,0,1,4000,TEN@IND,TEN,IND,,,,,,WR/FLEX
94505-61693,TE,Danny,Danny Pinter,Pinter,,,4000,TEN@IND,IND,TEN,IR,Ankle,,,,TE/FLEX
94505-12542,D,New Orleans,New Orleans Saints,Saints,7.5,4,4000,NO@NE,NO,NE,,,,,,DEF
94505-115971,WR,Shaq,Shaq Davis,Davis,,,4000,NO@NE,NO,NE,,,,,,WR/FLEX
94505-130309,WR,J.J.,J.J. Koski,Koski,,,4000,NYJ@DEN,DEN,NYJ,,,,,,WR/FLEX
94505-130317,WR,Juwan,Juwan Green,Green,,,4000,KC@MIN,KC,MIN,,,,,,WR/FLEX
94505-191760,RB,Toriano,Toriano Clinton,Clinton,,,4000,TEN@IND,IND,TEN,,,,,,RB/FLEX
94505-83226,TE,Kevin,Kevin Rader,Rader,,,4000,TEN@IND,TEN,IND,,,,,,TE/FLEX
94505-90398,TE,Matt,Matt Bushman,Bushman,,,4000,KC@MIN,KC,MIN,,,,,,TE/FLEX
94505-29985,WR,Jaydon,Jaydon Mickens,Mickens,,,4000,NYG@MIA,NYG,MIA,,,,,,WR/FLEX
94505-68901,RB,Gerrid,Gerrid Doaks,Doaks,,,4000,HOU@ATL,HOU,ATL,,,,,,RB/FLEX
94505-185639,WR,Keilahn,Keilahn Harris,Harris,,,4000,HOU@ATL,ATL,HOU,,,,,,WR/FLEX
94505-91428,WR,Tarik,Tarik Black,Black,,,4000,BAL@PIT,BAL,PIT,,,,,,WR/FLEX
94505-174372,WR,Nick,Nick Williams,Williams,,,4000,NYJ@DEN,DEN,NYJ,,,,,,WR/FLEX
94505-91431,RB,Ben,Ben Mason,Mason,,,4000,BAL@PIT,BAL,PIT,,,,,,RB/FLEX
94505-185646,WR,Zay,Zay Malone,Malone,,,4000,HOU@ATL,ATL,HOU,,,,,,WR/FLEX
94505-86316,RB,Chuck,Chuck McClelland,McClelland,,,4000,TEN@IND,TEN,IND,,,,,,RB/FLEX
94505-92465,WR,Sean,Sean Ryan,Ryan,,,4000,BAL@PIT,BAL,PIT,,,,,,WR/FLEX
94505-45371,WR,Darius,Darius Phillips,Phillips,,,4000,CAR@DET,DET,CAR,,,,,,WR/FLEX
94505-64833,TE,Alize,Alize Mack,Mack,,,4000,TEN@IND,TEN,IND,Q,Undisclosed,,,,TE/FLEX
94505-86341,RB,Xazavian,Xazavian Valladay,Valladay,,,4000,NYJ@DEN,NYJ,DEN,,,,,,RB/FLEX
94505-73046,WR,Tre,Tre Nixon,Nixon,,,4000,NO@NE,NE,NO,IR,Shoulder,,,,WR/FLEX
94505-91481,WR,Nikko,Nikko Remigio,Remigio,,,4000,KC@MIN,KC,MIN,IR,Wrist,,,,WR/FLEX
94505-90456,WR,Ty,Ty Scott,Scott,,,4000,KC@MIN,KC,MIN,,,,,,WR/FLEX
94505-90458,RB,Troy,Troy Hairston,Hairston,0.6285714421953473,7,4000,HOU@ATL,HOU,ATL,IR,Back,,,,RB/FLEX
94505-88421,WR,Daewood,Daewood Davis,Davis,,,4000,NYG@MIA,MIA,NYG,Q,Concussion,,,,WR/FLEX
94505-25957,TE,J.P.,J.P. Holtz,Holtz,,,4000,NO@NE,NO,NE,,,,,,TE/FLEX
94505-102762,RB,Kevin,Kevin Harris,Harris,2.2399999618530275,5,4000,NO@NE,NE,NO,,,,,,RB/FLEX
94505-63851,TE,Tyree,Tyree Jackson,Jackson,,,4000,NYG@MIA,NYG,MIA,,,,,,TE/FLEX
94505-88433,RB,Travis,Travis Dye,Dye,,,4000,NYJ@DEN,NYJ,DEN,,,,,,RB/FLEX
94505-91504,WR,Blake,Blake Proehl,Proehl,,,4000,KC@MIN,MIN,KC,,,,,,WR/FLEX
94505-90483,TE,Bernhard,Bernhard Raimann,Raimann,,,4000,TEN@IND,IND,TEN,O,Concussion,,,,TE/FLEX
94505-90487,WR,Kalil,Kalil Pimpleton,Pimpleton,,,4000,NYG@MIA,NYG,MIA,,,,,,WR/FLEX
94505-60791,TE,Tommy,Tommy Hudson,Hudson,,,4000,NO@NE,NO,NE,,,,,,TE/FLEX
94505-38264,WR,Demarcus,Demarcus Robinson,Robinson,5.3941174675436585,17,4000,PHI@LAR,LAR,PHI,,,,,,WR/FLEX
94505-45439,WR,Corey,Corey Davis,Davis,6.276922959547776,13,4000,NYJ@DEN,NYJ,DEN,IR,Personal,,,,WR/FLEX
94505-73088,WR,Kekoa,Kekoa Crawford,Crawford,,,4000,KC@MIN,KC,MIN,Q,Undisclosed,,,,WR/FLEX
94505-185728,TE,Patrick,Patrick Murtagh,Murtagh,,,4000,CAR@DET,DET,CAR,,,,,,TE/FLEX
94505-70023,WR,Cornell,Cornell Powell,Powell,,,4000,KC@MIN,KC,MIN,,,,,,WR/FLEX
94505-185742,WR,Braxton,Braxton Westfield,Westfield,,,4000,TEN@IND,IND,TEN,,,,,,WR/FLEX
94505-185743,RB,Darius,Darius Hagans,Hagans,,,4000,BAL@PIT,PIT,BAL,,,,,,RB/FLEX
94505-88463,WR,Johnny,Johnny Johnson III,Johnson III,,,4000,HOU@ATL,HOU,ATL,,,,,,WR/FLEX
94505-55694,WR,Mike,Mike Thomas,Thomas,1.7000000476837158,4,4000,BAL@PIT,BAL,PIT,Q,Shoulder - labrum,,,,WR/FLEX
94505-185744,WR,Johnny,Johnny King,King,,,4000,PHI@LAR,PHI,LAR,,,,,,WR/FLEX
94505-102802,WR,Makai,Makai Polk,Polk,,,4000,BAL@PIT,BAL,PIT,,,,,,WR/FLEX
94505-90518,WR,Slade,Slade Bolden,Bolden,,,4000,HOU@ATL,ATL,HOU,,,,,,WR/FLEX
94505-93592,WR,Sam,Sam James,James,,,4000,PHI@LAR,LAR,PHI,,,,,,WR/FLEX
94505-185753,WR,T.J.,T.J. Luther,Luther,,,4000,NO@NE,NE,NO,,,,,,WR/FLEX
94505-92573,TE,Travis,Travis Vokolek,Vokolek,,,4000,BAL@PIT,BAL,PIT,,,,,,TE/FLEX
94505-96673,WR,Garett,Garett Maag,Maag,,,4000,KC@MIN,MIN,KC,,,,,,WR/FLEX
94505-94625,WR,Jalen,Jalen Reagor,Reagor,1.2722222010294597,18,4000,NO@NE,NE,NO,,,,,,WR/FLEX
94505-93600,WR,Bryce,Bryce Ford-Wheaton,Ford-Wheaton,,,4000,NYG@MIA,NYG,MIA,IR,Knee,,,,WR/FLEX
94505-60838,WR,Andre,Andre Baccellia,Baccellia,1.6,5,4000,CIN@ARI,ARI,CIN,,,,,,WR/FLEX
94505-185775,TE,Brian,Brian Walker,Walker,,,4000,BAL@PIT,BAL,PIT,,,,,,TE/FLEX
94505-40365,WR,Devon,Devon Allen,Allen,0,1,4000,PHI@LAR,PHI,LAR,,,,,,WR/FLEX
94505-102831,TE,Davis,Davis Allen,Allen,,,4000,PHI@LAR,LAR,PHI,,,,,,TE/FLEX
94505-185782,WR,Thyrick,Thyrick Pitts,Pitts,,,4000,NO@NE,NE,NO,,,,,,WR/FLEX
94505-102836,WR,Joseph,Joseph Ngata,Ngata,,,4000,PHI@LAR,PHI,LAR,,,,,,WR/FLEX
94505-64949,WR,Ja'Marcus,Ja'Marcus Bradley,Bradley,,,4000,BAL@PIT,PIT,BAL,Q,Undisclosed,,,,WR/FLEX
94505-73147,TE,Nick,Nick Eubanks,Eubanks,,,4000,TEN@IND,IND,TEN,,,,,,TE/FLEX
94505-47551,TE,Mason,Mason Schreck,Schreck,0.800000011920929,2,4000,HOU@ATL,HOU,ATL,,,,,,TE/FLEX
94505-69056,WR,Mathew,Mathew Sexton,Sexton,,,4000,HOU@ATL,ATL,HOU,,,,,,WR/FLEX
94505-185792,WR,Tyler,Tyler Adams,Adams,,,4000,TEN@IND,IND,TEN,,,,,,WR/FLEX
94505-55748,WR,James,James Washington,Washington,0,1,4000,TEN@IND,IND,TEN,,,,,,WR/FLEX
94505-113096,WR,Xavier,Xavier Smith,Smith,,,4000,PHI@LAR,LAR,PHI,,,,,,WR/FLEX
94505-26057,RB,Michael,Michael Burton,Burton,0.550000011920929,2,4000,NYJ@DEN,DEN,NYJ,,,,,,RB/FLEX
94505-88525,WR,Kawaan,Kawaan Baker,Baker,,,4000,NO@NE,NO,NE,,,,,,WR/FLEX
94505-136663,RB,DeWayne,DeWayne McBride,McBride,,,4000,KC@MIN,MIN,KC,,,,,,RB/FLEX
94505-112088,RB,Jerrion,Jerrion Ealy,Ealy,,,4000,KC@MIN,KC,MIN,,,,,,RB/FLEX
94505-54746,TE,Tyler,Tyler Ott,Ott,,,4000,BAL@PIT,BAL,PIT,,,,,,TE/FLEX
94505-103901,WR,Davion,Davion Davis,Davis,,,4000,CIN@ARI,ARI,CIN,,,,,,WR/FLEX
94505-91612,WR,Matt,Matt Landers,Landers,,,4000,CAR@DET,CAR,DET,,,,,,WR/FLEX
94505-63967,WR,Lucky,Lucky Jackson,Jackson,,,4000,KC@MIN,MIN,KC,,,,,,WR/FLEX
94505-185827,RB,Jacob,Jacob Saylors,Saylors,,,4000,CIN@ARI,CIN,ARI,,,,,,RB/FLEX
94505-91618,TE,John,John FitzPatrick,FitzPatrick,,,4000,HOU@ATL,ATL,HOU,,,,,,TE/FLEX
94505-112101,WR,Jared,Jared Wayne,Wayne,,,4000,HOU@ATL,HOU,ATL,,,,,,WR/FLEX
94505-129508,WR,Duece,Duece Watts,Watts,,,4000,BAL@PIT,PIT,BAL,,,,,,WR/FLEX
94505-91635,WR,Kearis,Kearis Jackson,Jackson,0,2,4000,TEN@IND,TEN,IND,IR,Ankle,,,,WR/FLEX
94505-40434,WR,Greg,Greg Ward,Ward,,,4000,PHI@LAR,PHI,LAR,,,,,,WR/FLEX
94505-89586,TE,Tucker,Tucker Fisk,Fisk,,,4000,HOU@ATL,ATL,HOU,,,,,,TE/FLEX
94505-103930,WR,Derek,Derek Wright,Wright,,,4000,CAR@DET,CAR,DET,,,,,,WR/FLEX
94505-185854,WR,Dallas,Dallas Daniels,Daniels,,,4000,NYJ@DEN,DEN,NYJ,,,,,,WR/FLEX
94505-41469,TE,Darrell,Darrell Daniels,Daniels,,,4000,CAR@DET,DET,CAR,,,,,,TE/FLEX
94505-185856,WR,Taylor,Taylor Grimes,Grimes,,,4000,NYJ@DEN,DEN,NYJ,,,,,,WR/FLEX
94505-128515,RB,Ellis,Ellis Merriweather,Merriweather,,,4000,NO@NE,NO,NE,,,,,,RB/FLEX
94505-92677,WR,Zavier,Zavier Scott,Scott,,,4000,TEN@IND,IND,TEN,,,,,,WR/FLEX
94505-103943,WR,Trinity,Trinity Benson,Benson,,,4000,CAR@DET,DET,CAR,,,,,,WR/FLEX
94505-62994,WR,Steven,Steven Sims Jr.,Sims Jr.,2.0333333015441895,12,4000,HOU@ATL,HOU,ATL,,,,,,WR/FLEX
94505-154139,RB,Clint,Clint Ratkovich,Ratkovich,,,4000,HOU@ATL,ATL,HOU,,,,,,RB/FLEX
94505-91677,WR,Shi,Shi Smith,Smith,3.1624999046325684,16,4000,TEN@IND,TEN,IND,,,,,,WR/FLEX
94505-91679,WR,Josh,Josh Vann,Vann,,,4000,CAR@DET,CAR,DET,,,,,,WR/FLEX
94505-54817,WR,Diontae,Diontae Spencer,Spencer,,,4000,NYJ@DEN,NYJ,DEN,Q,Undisclosed,,,,WR/FLEX
94505-185893,RB,Alfonzo,Alfonzo Graham,Graham,,,4000,BAL@PIT,PIT,BAL,IR,Undisclosed,,,,RB/FLEX
94505-185907,RB,Zach,Zach Ojile,Ojile,,,4000,KC@MIN,MIN,KC,,,,,,RB/FLEX
94505-69168,WR,N'Keal,N'Keal Harry,Harry,3.5166667302449546,6,4000,KC@MIN,MIN,KC,,,,,,WR/FLEX
94505-60977,RB,Ty'Son,Ty'Son Williams,Williams,1,1,4000,CIN@ARI,ARI,CIN,,,,,,RB/FLEX
94505-60981,TE,Charlie,Charlie Heck,Heck,,,4000,HOU@ATL,HOU,ATL,NA,Foot,,,,TE/FLEX
94505-60984,TE,Jake,Jake Bargas,Bargas,,,4000,NO@NE,NO,NE,,,,,,TE/FLEX
94505-89656,WR,Aron,Aron Cruickshank,Cruickshank,,,4000,BAL@PIT,PIT,BAL,,,,,,WR/FLEX
94505-71228,WR,Marquez,Marquez Stevenson,Stevenson,,,4000,CAR@DET,CAR,DET,Q,Undisclosed,,,,WR/FLEX
94505-70206,RB,Jason,Jason Huntley,Huntley,,,4000,TEN@IND,IND,TEN,,,,,,RB/FLEX
94505-30272,TE,Colin,Colin Thompson,Thompson,,,4000,KC@MIN,MIN,KC,,,,,,TE/FLEX
94505-87621,WR,A.T.,A.T. Perry,Perry,,,4000,NO@NE,NO,NE,,,,,,WR/FLEX
94505-102986,WR,Elijah,Elijah Higgins,Higgins,,,4000,CIN@ARI,ARI,CIN,,,,,,WR/FLEX
94505-104012,WR,Ashton,Ashton Dulin,Dulin,5,7,4000,TEN@IND,IND,TEN,IR,Knee - acl,,,,WR/FLEX
94505-87634,TE,Blake,Blake Whiteheart,Whiteheart,,,4000,CIN@ARI,ARI,CIN,,,,,,TE/FLEX
94505-63061,WR,Gary,Gary Jennings,Jennings,,,4000,CAR@DET,CAR,DET,,,,,,WR/FLEX
94505-55895,TE,Kendall,Kendall Blanton,Blanton,2.25,2,4000,KC@MIN,KC,MIN,,,,,,TE/FLEX
94505-104025,RB,John,John Lovett,Lovett,,,4000,NYG@MIA,MIA,NYG,Q,Undisclosed,,,,RB/FLEX
94505-64097,TE,La'Michael,La'Michael Pettway,Pettway,,,4000,TEN@IND,IND,TEN,Q,Undisclosed,,,,TE/FLEX
94505-86635,WR,Charleston,Charleston Rambo,Rambo,,,4000,PHI@LAR,PHI,LAR,Q,Undisclosed,,,,WR/FLEX
94505-66155,TE,Michael,Michael Jacobson,Jacobson,,,4000,NO@NE,NO,NE,,,,,,TE/FLEX
94505-186991,WR,Jerome,Jerome Kapp,Kapp,,,4000,NYJ@DEN,NYJ,DEN,,,,,,WR/FLEX
94505-139884,TE,Jordan,Jordan Murray,Murray,,,4000,TEN@IND,IND,TEN,,,,,,TE/FLEX
94505-95854,WR,Montrell,Montrell Washington,Washington,0,2,4000,KC@MIN,KC,MIN,,,,,,WR/FLEX
94505-61042,WR,Kendall,Kendall Hinton,Hinton,4.0363637750799,11,4000,NYJ@DEN,DEN,NYJ,,,,,,WR/FLEX
94505-87668,WR,Shedrick,Shedrick Jackson,Jackson,,,4000,CIN@ARI,CIN,ARI,,,,,,WR/FLEX
94505-86657,RB,Kennedy,Kennedy Brooks,Brooks,,,4000,PHI@LAR,PHI,LAR,,,,,,RB/FLEX
94505-94864,RB,Jashaun,Jashaun Corbin,Corbin,,,4000,CAR@DET,CAR,DET,,,,,,RB/FLEX
94505-86678,TE,Ryan,Ryan Jones,Jones,,,4000,NYG@MIA,NYG,MIA,,,,,,TE/FLEX
94505-90778,TE,Derrick,Derrick Deese Jr.,Deese Jr.,,,4000,CAR@DET,DET,CAR,,,,,,TE/FLEX
94505-86682,TE,Grant,Grant Calcaterra,Calcaterra,2.1200000762939455,5,4000,PHI@LAR,PHI,LAR,,,,,,TE/FLEX
94505-93853,WR,Thayer,Thayer Thomas,Thomas,,,4000,KC@MIN,MIN,KC,,,,,,WR/FLEX
94505-86692,TE,Thomas,Thomas Odukoya,Odukoya,,,4000,TEN@IND,TEN,IND,,,,,,TE/FLEX
94505-52902,WR,Trey,Trey Quinn,Quinn,,,4000,CAR@DET,DET,CAR,,,,,,WR/FLEX
94505-103086,WR,Jadon,Jadon Haselwood,Haselwood,,,4000,PHI@LAR,PHI,LAR,,,,,,WR/FLEX
94505-64175,WR,Hakeem,Hakeem Butler,Butler,,,4000,BAL@PIT,PIT,BAL,Q,Undisclosed,,,,WR/FLEX
94505-7856,WR,Matthew,Matthew Slater,Slater,,,4000,NO@NE,NE,NO,,,,,,WR/FLEX
94505-85687,WR,Jontre,Jontre Kirklin,Kirklin,,,4000,NO@NE,NO,NE,,,,,,WR/FLEX
94505-69303,WR,Freddie,Freddie Swain,Swain,3.133333206176758,3,4000,NYG@MIA,MIA,NYG,,,,,,WR/FLEX
94505-69302,TE,Feleipe,Feleipe Franks,Franks,0,2,4000,HOU@ATL,ATL,HOU,IR,Undisclosed,,,,TE/FLEX
94505-92859,WR,Jalen,Jalen Nailor,Nailor,5.679999923706054,5,4000,KC@MIN,MIN,KC,IR,Hamstring,,,,WR/FLEX
94505-71359,WR,Javon,Javon Wims,Wims,,,4000,CAR@DET,CAR,DET,,,,,,WR/FLEX
94505-69310,WR,Josh,Josh Hammond,Hammond,,,4000,NYJ@DEN,DEN,NYJ,,,,,,WR/FLEX
94505-71367,RB,La'Mical,La'Mical Perine,Perine,,,4000,KC@MIN,KC,MIN,,,,,,RB/FLEX
94505-88776,WR,Ty,Ty Fryfogle,Fryfogle,,,4000,KC@MIN,KC,MIN,,,,,,WR/FLEX
94505-71372,WR,Tyrie,Tyrie Cleveland,Cleveland,1.2666666507720947,3,4000,PHI@LAR,PHI,LAR,,,,,,WR/FLEX
94505-89814,TE,Gerrit,Gerrit Prince,Prince,,,4000,KC@MIN,KC,MIN,,,,,,TE/FLEX
94505-88793,RB,Stevie,Stevie Scott,Scott,,,4000,CIN@ARI,ARI,CIN,,,,,,RB/FLEX
94505-86747,WR,Dylan,Dylan Drummond,Drummond,,,4000,CAR@DET,DET,CAR,,,,,,WR/FLEX
94505-71386,TE,Jordan,Jordan Thomas,Thomas,,,4000,CAR@DET,CAR,DET,,,,,,TE/FLEX
94505-90844,TE,Christian,Christian Trahan,Trahan,,,4000,CIN@ARI,CIN,ARI,,,,,,TE/FLEX
94505-64221,TE,Zach,Zach Gentry,Gentry,1.6214286259242467,14,4000,CIN@ARI,CIN,ARI,,,,,,TE/FLEX
94505-147168,WR,Chris,Chris Blair,Blair,,,4000,HOU@ATL,ATL,HOU,,,,,,WR/FLEX
94505-85731,WR,Racey,Racey McMath,McMath,1.350000023841858,4,4000,TEN@IND,IND,TEN,,,,,,WR/FLEX
94505-87787,RB,J.K.,J.K. Dobbins,Dobbins,10.699999809265137,1,4000,BAL@PIT,BAL,PIT,IR,Achilles,,,,RB/FLEX
94505-72427,WR,Kwamie,Kwamie Lassiter II,Lassiter II,,,4000,CIN@ARI,CIN,ARI,,,,,,WR/FLEX
94505-70383,RB,Darrynton,Darrynton Evans,Evans,3.3999999364217124,3,4000,NYG@MIA,MIA,NYG,,,,,,RB/FLEX
94505-64242,WR,Keke,Keke Coutee,Coutee,0.07142857142857142,7,4000,NYG@MIA,MIA,NYG,,,,,,WR/FLEX
94505-91897,WR,Ethan,Ethan Fernea,Fernea,,,4000,TEN@IND,IND,TEN,Q,Undisclosed,,,,WR/FLEX
94505-152320,RB,Tiyon,Tiyon Evans,Evans,,,4000,CAR@DET,CAR,DET,,,,,,RB/FLEX
94505-85762,RB,Eno,Eno Benjamin,Benjamin,5.93076911339393,13,4000,NO@NE,NO,NE,IR,Achilles,,,,RB/FLEX
94505-57091,WR,Tim,Tim Patrick,Patrick,,,4000,NYJ@DEN,DEN,NYJ,IR,Achilles,,,,WR/FLEX
94505-72453,WR,Denzel,Denzel Mims,Mims,2.677777820163303,9,4000,BAL@PIT,PIT,BAL,,,,,,WR/FLEX
94505-174853,WR,Kody,Kody Case,Case,,,4000,TEN@IND,IND,TEN,,,,,,WR/FLEX
94505-91912,WR,Chase,Chase Cota,Cota,,,4000,KC@MIN,KC,MIN,,,,,,WR/FLEX
94505-114465,TE,Christian,Christian Sims,Sims,,,4000,PHI@LAR,LAR,PHI,,,,,,TE/FLEX
94505-86826,WR,Malachi,Malachi Carter,Carter,,,4000,CIN@ARI,CIN,ARI,,,,,,WR/FLEX
94505-72493,WR,Trishton,Trishton Jackson,Jackson,,,4000,KC@MIN,MIN,KC,,,,,,WR/FLEX
94505-55088,WR,Malik,Malik Turner,Turner,,,4000,TEN@IND,IND,TEN,,,,,,WR/FLEX
94505-86839,TE,Jack,Jack Coco,Coco,,,4000,CIN@ARI,ARI,CIN,,,,,,TE/FLEX
94505-174907,WR,Sy,Sy Barnett,Barnett,,,4000,NO@NE,NO,NE,,,,,,WR/FLEX
94505-91960,WR,Chris,Chris Coleman,Coleman,,,4000,NYG@MIA,MIA,NYG,,,,,,WR/FLEX
94505-93002,RB,Calvin,Calvin Tyler Jr.,Tyler Jr.,,,4000,CIN@ARI,CIN,ARI,,,,,,RB/FLEX
94505-87882,WR,Daniel,Daniel Arias,Arias,,,4000,KC@MIN,KC,MIN,,,,,,WR/FLEX
94505-58189,TE,Mitchell,Mitchell Fraboni,Fraboni,,,4000,NYJ@DEN,DEN,NYJ,,,,,,TE/FLEX
94505-73551,WR,Stantley,Stantley Thomas-Oliver III,Thomas-Oliver III,,,4000,CAR@DET,CAR,DET,Q,Hamstring,,,,WR/FLEX
94505-56142,WR,Juwann,Juwann Winfree,Winfree,0.7333333492279053,3,4000,TEN@IND,IND,TEN,,,,,,WR/FLEX
94505-88915,RB,Bryant,Bryant Koback,Koback,,,4000,PHI@LAR,PHI,LAR,,,,,,RB/FLEX
94505-64339,WR,Auden,Auden Tate,Tate,,,4000,CIN@ARI,ARI,CIN,,,,,,WR/FLEX
94505-91989,RB,Jordan,Jordan Mims,Mims,,,4000,NO@NE,NO,NE,,,,,,RB/FLEX
94505-93016,RB,B.J.,B.J. Baylor,Baylor,,,4000,HOU@ATL,ATL,HOU,,,,,,RB/FLEX
94505-63321,TE,Rashod,Rashod Berry,Berry,,,4000,TEN@IND,IND,TEN,IR,Suspension,,,,TE/FLEX
94505-93023,RB,Jermar,Jermar Jefferson,Jefferson,,,4000,CAR@DET,DET,CAR,,,,,,RB/FLEX
94505-64350,WR,Jeff,Jeff Smith,Smith,2.4857142312186107,7,4000,CIN@ARI,ARI,CIN,,,,,,WR/FLEX
94505-104289,WR,Malik,Malik Taylor,Taylor,,,4000,NYJ@DEN,NYJ,DEN,,,,,,WR/FLEX
94505-66402,TE,Jack,Jack Driscoll,Driscoll,,,4000,PHI@LAR,PHI,LAR,,,,,,TE/FLEX
94505-85881,RB,Mohamed,Mohamed Ibrahim,Ibrahim,,,4000,CAR@DET,DET,CAR,Q,Undisclosed,,,,RB/FLEX
94505-86913,TE,Kris,Kris Leach,Leach,,,4000,NYJ@DEN,DEN,NYJ,,,,,,TE/FLEX
94505-91012,RB,Greg,Greg Bell,Bell,,,4000,BAL@PIT,PIT,BAL,,,,,,RB/FLEX
94505-23435,TE,Andrew,Andrew DePaola,DePaola,,,4000,KC@MIN,MIN,KC,,,,,,TE/FLEX
94505-69516,TE,Miller,Miller Forristall,Forristall,0,1,4000,PHI@LAR,LAR,PHI,,,,,,TE/FLEX
94505-141201,WR,Raleigh,Raleigh Webb,Webb,,,4000,NYG@MIA,MIA,NYG,,,,,,WR/FLEX
94505-56212,TE,Tommy,Tommy Sweeney,Sweeney,1.2000000476837158,1,4000,NYG@MIA,NYG,MIA,IR,Undisclosed,,,,TE/FLEX
94505-64405,WR,Dan,Dan Chisena,Chisena,,,4000,BAL@PIT,PIT,BAL,,,,,,WR/FLEX
94505-64408,TE,Nick,Nick Bowers,Bowers,,,4000,NYG@MIA,MIA,NYG,,,,,,TE/FLEX
94505-92056,TE,Cal,Cal Adomitis,Adomitis,,,4000,CIN@ARI,CIN,ARI,,,,,,TE/FLEX
94505-88995,WR,Reggie,Reggie Roberson Jr.,Roberson Jr.,,,4000,TEN@IND,TEN,IND,,,,,,WR/FLEX
94505-34729,RB,Dwayne,Dwayne Washington,Washington,1,5,4000,NYJ@DEN,DEN,NYJ,,,,,,RB/FLEX
94505-187324,WR,Ed,Ed Lee,Lee,,,4000,NO@NE,NE,NO,,,,,,WR/FLEX
94505-89029,TE,Chris,Chris Pierce Jr.,Pierce Jr.,,,4000,CIN@ARI,ARI,CIN,,,,,,TE/FLEX
94505-43973,RB,Keith,Keith Smith,Smith,0.3,5,4000,HOU@ATL,ATL,HOU,,,,,,RB/FLEX
94505-91082,WR,Avery,Avery Davis,Davis,,,4000,CAR@DET,DET,CAR,,,,,,WR/FLEX
94505-169937,WR,Lance,Lance McCutcheon,McCutcheon,0,2,4000,HOU@ATL,HOU,ATL,,,,,,WR/FLEX
94505-30678,WR,Damiere,Damiere Byrd,Byrd,3.7749999364217124,12,4000,CAR@DET,CAR,DET,Q,Hamstring,,,,WR/FLEX
94505-63447,WR,Penny,Penny Hart,Hart,1.1666666666666667,3,4000,HOU@ATL,ATL,HOU,IR,Concussion,,,,WR/FLEX
94505-72665,TE,Kenny,Kenny Yeboah,Yeboah,,,4000,NYJ@DEN,NYJ,DEN,IR,Hamstring,,,,TE/FLEX
94505-54239,TE,Matt,Matt Sokol,Sokol,,,4000,NO@NE,NE,NO,,,,,,TE/FLEX
94505-41954,WR,Victor,Victor Bolden,Bolden,,,4000,HOU@ATL,HOU,ATL,,,,,,WR/FLEX
94505-85994,TE,Dalton,Dalton Keene,Keene,,,4000,HOU@ATL,HOU,ATL,,,,,,TE/FLEX
94505-71661,WR,Tino,Tino Ellis,Ellis,,,4000,NYG@MIA,MIA,NYG,Q,Undisclosed,,,,WR/FLEX
94505-14319,RB,Taiwan,Taiwan Jones,Jones,-1,2,4000,NYG@MIA,NYG,MIA,,,,,,RB/FLEX
94505-96254,TE,Nick,Nick Muse,Muse,,,4000,KC@MIN,MIN,KC,,,,,,TE/FLEX
94505-12525,D,Atlanta,Atlanta Falcons,Falcons,4.75,4,3900,HOU@ATL,ATL,HOU,,,,,,DEF
94505-12547,D,Pittsburgh,Pittsburgh Steelers,Steelers,10,4,3900,BAL@PIT,PIT,BAL,,,,,,DEF
94505-12535,D,Indianapolis,Indianapolis Colts,Colts,8,4,3800,TEN@IND,IND,TEN,,,,,,DEF
94505-12546,D,Arizona,Arizona Cardinals,Cardinals,6.25,4,3700,CIN@ARI,ARI,CIN,,,,,,DEF
94505-12556,D,Houston,Houston Texans,Texans,8,4,3600,HOU@ATL,HOU,ATL,,,,,,DEF
94505-12534,D,Tennessee,Tennessee Titans,Titans,7.25,4,3500,TEN@IND,TEN,IND,,,,,,DEF
94505-12538,D,Los Angeles,Los Angeles Rams,Rams,3.75,4,3300,PHI@LAR,LAR,PHI,,,,,,DEF
94505-12553,D,Carolina,Carolina Panthers,Panthers,6,4,3200,CAR@DET,CAR,DET,,,,,,DEF
94505-12540,D,Minnesota,Minnesota Vikings,Vikings,6.5,4,3100,KC@MIN,MIN,KC,,,,,,DEF
94505-12543,D,New York,New York Giants,Giants,0.5,4,3000,NYG@MIA,NYG,MIA,,,,,,DEF